,PLAYER,G,GLS,GPG,AST,APG,BLK,BPG,+ / -,+/- PG,CMP,CPG,CMP %,PP,PPG
0,Quentin Bonnaud,12,83,6.92,15,1.25,14,1.17,101,8.42,208,17.33,96.30,284,23.67
1,Rowan McDonnell,13,67,5.15,51,3.92,5,0.38,92,7.08,408,31.38,93.80,359,27.62
2,Ben Jagt,15,67,4.47,64,4.27,14,0.93,111,7.40,287,19.13,91.40,379,25.27
3,Max Sheppard,14,61,4.36,68,4.86,9,0.64,103,7.36,295,21.07,91.00,337,24.07
4,Eli Jaime,10,52,5.20,12,1.20,4,0.40,61,6.10,101,10.10,95.30,211,21.10
5,Conor Kline,15,52,3.47,12,0.80,3,0.20,60,4.00,79,5.27,95.20,234,15.60
6,Sean Ham,12,50,4.17,6,0.50,2,0.17,52,4.33,125,10.42,96.20,283,23.58
7,Rick Gross,13,46,3.54,20,1.54,5,0.38,62,4.77,214,16.46,96.80,290,22.31
8,Henry Fisher,9,43,4.78,14,1.56,1,0.11,55,6.11,173,19.22,98.30,193,21.44
9,Jay Boychuk,11,42,3.82,29,2.64,5,0.45,58,5.27,280,25.45,95.90,270,24.55
10,Joc Jimenez,13,42,3.23,17,1.31,9,0.69,56,4.31,132,10.15,93.60,270,20.77
11,Bradley Seuntjens,12,42,3.50,8,0.67,9,0.75,52,4.33,153,12.75,95.60,326,27.17
12,Bryan Vohnoutka,12,42,3.50,30,2.50,6,0.50,55,4.58,194,16.17,91.50,273,22.75
13,Cameron Brock,13,41,3.15,14,1.08,1,0.08,41,3.15,189,14.54,93.10,280,21.54
14,Himalaya Mehta,11,41,3.73,5,0.45,9,0.82,39,3.55,151,13.73,93.20,203,18.45
15,Carson Wilder,13,41,3.15,31,2.38,8,0.62,66,5.08,173,13.31,92.50,273,21.00
16,Terrence Mitchell,13,40,3.08,14,1.08,5,0.38,47,3.62,143,11.00,94.70,247,19.00
17,Travis Dunn,13,40,3.08,57,4.38,9,0.69,81,6.23,372,28.62,94.20,346,26.62
18,Alec Arsenault,11,40,3.64,26,2.36,9,0.82,52,4.73,190,17.27,90.50,259,23.55
19,Sacha Poitte- Sokolsky,12,39,3.25,18,1.50,3,0.25,38,3.17,256,21.33,94.10,244,20.33
20,Matt Stevens,13,35,2.69,5,0.38,5,0.38,41,3.15,76,5.85,97.40,223,17.15
21,Jeff Babbitt,15,35,2.33,5,0.33,22,1.47,58,3.87,110,7.33,97.30,314,20.93
22,Levi Jacobs,14,34,2.43,37,2.64,4,0.29,43,3.07,230,16.43,89.50,289,20.64
23,Cameron Harris,14,34,2.43,40,2.86,9,0.64,57,4.07,284,20.29,92.50,315,22.50
24,Nathan Hirst,12,33,2.75,34,2.83,4,0.33,46,3.83,190,15.83,89.60,244,20.33
25,Matt Smith,12,33,2.75,23,1.92,8,0.67,50,4.17,264,22.00,96.00,279,23.25
26,Thomas Edmonds,12,32,2.67,43,3.58,5,0.42,54,4.50,670,55.83,96.50,250,20.83
27,Jeremy Hill,11,32,2.91,16,1.45,14,1.27,40,3.64,148,13.45,89.20,248,22.55
28,Danny Landesman,10,32,3.20,13,1.30,4,0.40,44,4.40,108,10.80,97.30,174,17.40
29,Jacob Fairfax,13,31,2.38,41,3.15,8,0.62,65,5.00,189,14.54,94.00,296,22.77
30,Sean McDougall,13,31,2.38,49,3.77,11,0.85,70,5.38,206,15.85,92.80,288,22.15
31,Jacob Fairfax,13,31,2.38,41,3.15,8,0.62,65,5.00,189,14.54,94.00,296,22.77
32,Peter Geertz-Larson,8,30,3.75,5,0.63,1,0.13,31,3.88,52,6.50,91.20,146,18.25
33,Jimmy Towle,13,30,2.31,13,1.00,10,0.77,39,3.00,164,12.62,94.80,257,19.77
34,Andrew Sjogren,10,29,2.90,6,0.60,5,0.50,32,3.20,143,14.30,97.30,226,22.60
35,Jay Froude,13,29,2.23,29,2.23,13,1.00,54,4.15,140,10.77,92.10,256,19.69
36,Wes Groth,13,29,2.23,29,2.23,7,0.54,47,3.62,136,10.46,89.50,235,18.08
37,Brad Houser,8,29,3.63,18,2.25,3,0.38,35,4.38,163,20.38,92.10,193,24.13
38,Quinn Snider,5,29,5.80,6,1.20,4,0.80,37,7.40,47,9.40,95.90,126,25.20
39,Michael Pardo,8,29,3.63,4,0.50,1,0.13,24,3.00,104,13.00,92.00,161,20.13
40,Michael Jordan,11,28,2.55,7,0.64,6,0.55,28,2.55,121,11.00,95.30,229,20.82
41,Jarrod Banks,11,28,2.55,21,1.91,4,0.36,39,3.55,122,11.09,93.10,193,17.55
42,Keegan North,10,28,2.80,34,3.40,5,0.50,47,4.70,303,30.30,95.00,240,24.00
43,Max Cassell,12,28,2.33,26,2.17,1,0.08,38,3.17,313,26.08,95.70,262,21.83
44,Colin Camp,11,27,2.45,18,1.64,2,0.18,36,3.27,166,15.09,95.40,181,16.45
45,Akifumi Muraoka,14,27,1.93,30,2.14,6,0.43,40,2.86,207,14.79,90.00,302,21.57
46,Jonathan Helton,12,27,2.25,44,3.67,11,0.92,57,4.75,308,25.67,93.10,322,26.83
47,Grant Lindsley,12,27,2.25,42,3.50,3,0.25,47,3.92,330,27.50,93.80,289,24.08
48,Jack Shanahan,12,27,2.25,22,1.83,4,0.33,36,3.00,186,15.50,93.50,269,22.42
49,Matthew Rehder,8,27,3.38,17,2.13,17,2.13,44,5.50,131,16.38,89.70,222,27.75
50,Jack Williams,14,27,1.93,43,3.07,9,0.64,56,4.00,442,31.57,95.90,364,26.00
51,Dalton Smith,10,26,2.60,22,2.20,7,0.70,41,4.10,398,39.80,97.30,226,22.60
52,Andrew Carroll,12,25,2.08,34,2.83,6,0.50,43,3.58,266,22.17,94.00,261,21.75
53,Drew Swanson,13,25,1.92,2,0.15,24,1.85,46,3.54,32,2.46,91.40,255,19.62
54,Jesse Cohen,8,25,3.13,16,2.00,1,0.13,33,4.13,121,15.13,94.50,165,20.63
55,Geoff Powell,9,25,2.78,7,0.78,4,0.44,29,3.22,83,9.22,94.30,185,20.56
56,David Colic,10,25,2.50,18,1.80,3,0.30,23,2.30,76,7.60,82.60,199,19.90
57,Kyle Henke,10,24,2.40,31,3.10,7,0.70,41,4.10,197,19.70,92.50,222,22.20
58,Allan Laviolette,11,24,2.18,21,1.91,4,0.36,27,2.45,215,19.55,91.50,238,21.64
59,Garrett Braun,11,24,2.18,15,1.36,5,0.45,32,2.91,173,15.73,95.10,210,19.09
60,Keenan Plew,13,23,1.77,22,1.69,1,0.08,33,2.54,549,42.23,97.90,280,21.54
61,Nick Boucher,12,23,1.92,41,3.42,9,0.75,35,2.92,432,36.00,92.90,289,24.08
62,Rory Orloff,8,23,2.88,5,0.63,1,0.13,18,2.25,103,12.88,92.80,161,20.13
63,Connor Olson,13,23,1.77,13,1.00,9,0.69,32,2.46,206,15.85,94.50,228,17.54
64,Zach Theodore,12,23,1.92,4,0.33,11,0.92,29,2.42,63,5.25,90.00,233,19.42
65,Abe Coffin,14,23,1.64,49,3.50,9,0.64,63,4.50,424,30.29,96.10,284,20.29
66,Austin Riegel,11,22,2.00,0,0.00,2,0.18,14,1.27,40,3.64,85.10,196,17.82
67,Dylan Best,11,22,2.00,17,1.55,0,0.00,23,2.09,264,24.00,95.00,231,21.00
68,Jackson Stearns,11,22,2.00,25,2.27,2,0.18,24,2.18,141,12.82,88.10,322,29.27
69,Greg Ellis,12,22,1.83,26,2.17,8,0.67,22,1.83,340,28.33,93.20,310,25.83
70,Cam Burden,10,21,2.10,28,2.80,7,0.70,37,3.70,343,34.30,94.80,234,23.40
71,Mark Whitton,6,21,3.50,10,1.67,8,1.33,27,4.50,81,13.50,91.00,159,26.50
72,Mischa Freystaetter,9,21,2.33,18,2.00,4,0.44,40,4.44,147,16.33,98.00,195,21.67
73,Lior Givol,7,21,3.00,24,3.43,4,0.57,40,5.71,155,22.14,95.10,193,27.57
74,Keenan Laurence,11,21,1.91,19,1.73,9,0.82,45,4.09,92,8.36,97.90,242,22.00
75,Tyler Bacon,11,20,1.82,26,2.36,5,0.45,34,3.09,244,22.18,93.80,196,17.82
76,Antoine Davis,11,20,1.82,22,2.00,6,0.55,15,1.36,215,19.55,89.20,302,27.45
77,Greg Martin,6,20,3.33,3,0.50,4,0.67,25,4.17,33,5.50,94.30,107,17.83
78,Thomas Slack,11,20,1.82,17,1.55,4,0.36,30,2.73,154,14.00,95.70,218,19.82
79,Munis Thahir,10,20,2.00,8,0.80,5,0.50,25,2.50,93,9.30,96.90,242,24.20
80,Michael Tran,12,19,1.58,15,1.25,5,0.42,20,1.67,459,38.25,96.20,248,20.67
81,Tanner Repasky,12,19,1.58,15,1.25,3,0.25,24,2.00,164,13.67,94.30,221,18.42
82,Tommy Gallagher,12,19,1.58,19,1.58,1,0.08,21,1.75,443,36.92,96.90,265,22.08
83,Mike Arcata,12,19,1.58,26,2.17,6,0.50,32,2.67,141,11.75,89.20,240,20.00
84,Simon Charette,12,18,1.50,2,0.17,2,0.17,16,1.33,96,8.00,95.00,230,19.17
85,Zac Sands,9,18,2.00,2,0.22,5,0.56,16,1.78,61,6.78,89.70,130,14.44
86,Karl Loiseau,11,18,1.64,32,2.91,8,0.73,41,3.73,284,25.82,95.90,258,23.45
87,Kevin Richardson,9,18,2.00,7,0.78,4,0.44,24,2.67,226,25.11,98.70,188,20.89
88,Shane Earley,6,18,3.00,6,1.00,0,0.00,18,3.00,52,8.67,89.70,113,18.83
89,Mathew Ladyman,9,18,2.00,14,1.56,2,0.22,30,3.33,113,12.56,100.00,187,20.78
90,Mathew Ladyman,9,18,2.00,14,1.56,2,0.22,30,3.33,113,12.56,100.00,187,20.78
91,Zac Sands,9,18,2.00,2,0.22,5,0.56,16,1.78,61,6.78,89.70,130,14.44
92,David Hortemiller,12,18,1.50,4,0.33,8,0.67,24,2.00,44,3.67,91.70,202,16.83
93,Kevin Richardson,9,18,2.00,7,0.78,4,0.44,24,2.67,226,25.11,98.70,188,20.89
94,Christian Olsen,11,18,1.64,33,3.00,5,0.45,41,3.73,234,21.27,94.70,238,21.64
95,Zach Sabin,7,17,2.43,8,1.14,14,2.00,37,5.29,59,8.43,98.30,172,24.57
96,David Vatz,8,17,2.13,0,0.00,0,0.00,13,1.63,66,8.25,97.10,138,17.25
97,Will Lindquist,8,17,2.13,15,1.88,4,0.50,32,4.00,85,10.63,95.50,119,14.88
98,Kaplan Maurer,15,17,1.13,18,1.20,7,0.47,26,1.73,187,12.47,93.00,276,18.40
99,Jeremy Burril,11,17,1.55,11,1.00,3,0.27,22,2.00,104,9.45,93.70,172,15.64
100,Billy O'Bryan,11,17,1.55,25,2.27,6,0.55,16,1.45,313,28.45,92.10,275,25.00
101,Marcelo Sanchez,10,17,1.70,17,1.70,7,0.70,21,2.10,187,18.70,92.60,260,26.00
102,Wilkie Lewis,9,17,1.89,7,0.78,3,0.33,24,2.67,51,5.67,94.40,160,17.78
103,James Franklin,10,17,1.70,1,0.10,5,0.50,17,1.70,60,6.00,96.80,194,19.40
104,Avery Johnson,9,16,1.78,4,0.44,2,0.22,19,2.11,72,8.00,98.60,128,14.22
105,Sterling Knoche,11,16,1.45,4,0.36,22,2.00,38,3.45,46,4.18,93.90,245,22.27
106,Khalif El-Salaam,10,16,1.60,30,3.00,10,1.00,45,4.50,155,15.50,93.40,268,26.80
107,Andrew Walch,10,16,1.60,12,1.20,5,0.50,27,2.70,155,15.50,98.10,201,20.10
108,Alex Henderson,12,16,1.33,20,1.67,8,0.67,28,2.33,297,24.75,95.20,256,21.33
109,Josh Hartzog,11,16,1.45,8,0.73,5,0.45,26,2.36,37,3.36,92.50,195,17.73
110,Chris Graber,12,16,1.33,3,0.25,1,0.08,17,1.42,35,2.92,97.20,186,15.50
111,Mick Walter,8,15,1.88,2,0.25,16,2.00,30,3.75,26,3.25,89.70,127,15.88
112,Ryo Senda,12,15,1.25,11,0.92,5,0.42,21,1.75,78,6.50,88.60,186,15.50
113,Tim Okita,12,15,1.25,44,3.67,3,0.25,47,3.92,511,42.58,97.90,278,23.17
114,Mark Fedorenko,11,15,1.36,15,1.36,9,0.82,29,2.64,201,18.27,97.10,202,18.36
115,Alex Thomas,13,15,1.15,6,0.46,12,0.92,25,1.92,70,5.38,94.60,222,17.08
116,Kevin Coulter,6,15,2.50,28,4.67,5,0.83,26,4.33,136,22.67,87.20,171,28.50
117,Andrew Meshnick,12,15,1.25,13,1.08,9,0.75,28,2.33,78,6.50,89.70,220,18.33
118,Ben Katz,13,15,1.15,30,2.31,11,0.85,42,3.23,455,35.00,97.40,306,23.54
119,Peter Graffy,6,15,2.50,14,2.33,5,0.83,26,4.33,87,14.50,92.60,103,17.17
120,Billy Sickles,7,14,2.00,17,2.43,9,1.29,29,4.14,144,20.57,94.70,143,20.43
121,Aaron Weaver,11,14,1.27,22,2.00,8,0.73,37,3.36,250,22.73,97.70,238,21.64
122,Adam Vinson,6,14,2.33,4,0.67,2,0.33,14,2.33,60,10.00,93.80,111,18.50
123,Jeff Weis,8,14,1.75,7,0.88,4,0.50,17,2.13,128,16.00,94.80,182,22.75
124,Joel Wooten,7,14,2.00,2,0.29,7,1.00,18,2.57,27,3.86,87.10,113,16.14
125,Ryan Hiser,12,14,1.17,14,1.17,2,0.17,15,1.25,149,12.42,92.00,224,18.67
126,Michael Kiyoi,9,14,1.56,17,1.89,3,0.33,24,2.67,156,17.33,95.10,168,18.67
127,Kelvin Williams,12,14,1.17,6,0.50,13,1.08,30,2.50,43,3.58,97.70,196,16.33
128,Chris Wilen,11,14,1.27,4,0.36,8,0.73,16,1.45,57,5.18,89.10,203,18.45
129,Chase Marty,9,14,1.56,4,0.44,3,0.33,21,2.33,25,2.78,100.00,114,12.67
130,Nate Goff,5,13,2.60,13,2.60,5,1.00,22,4.40,72,14.40,92.30,113,22.60
131,André Arsenault,10,13,1.30,4,0.40,14,1.40,25,2.50,40,4.00,88.90,191,19.10
132,Maxwell Hume,12,13,1.08,5,0.42,7,0.58,15,1.25,65,5.42,89.00,226,18.83
133,Ethan Falat,7,13,1.86,14,2.00,4,0.57,22,3.14,109,15.57,94.00,146,20.86
134,Marc Sands,9,13,1.44,4,0.44,6,0.67,11,1.22,86,9.56,92.50,179,19.89
135,Mike Drost,14,13,0.93,7,0.50,10,0.71,18,1.29,59,4.21,85.50,245,17.50
136,Dan Miller,10,13,1.30,4,0.40,1,0.10,12,1.20,69,6.90,94.50,111,11.10
137,Kevin Brown,10,13,1.30,33,3.30,2,0.20,17,1.70,321,32.10,91.50,182,18.20
138,Bobby Ley,7,13,1.86,27,3.86,4,0.57,31,4.43,298,42.57,95.80,177,25.29
139,Michael Matthis,10,13,1.30,13,1.30,5,0.50,22,2.20,97,9.70,94.20,201,20.10
140,Chris Larberg,10,13,1.30,1,0.10,5,0.50,17,1.70,32,3.20,97.00,136,13.60
141,Owen Watt,13,13,1.00,16,1.23,8,0.62,22,1.69,103,7.92,88.00,222,17.08
142,Thomson McKnight,13,13,1.00,22,1.69,3,0.23,17,1.31,482,37.08,96.60,278,21.38
143,Ben Cheer,11,13,1.18,4,0.36,10,0.91,4,0.36,87,7.91,82.10,235,21.36
144,Austin Taylor,12,12,1.00,24,2.00,2,0.17,14,1.17,279,23.25,93.60,247,20.58
145,Sean Mott,12,12,1.00,52,4.33,12,1.00,43,3.58,292,24.33,91.00,290,24.17
146,Timothy Beatty,10,12,1.20,20,2.00,0,0.00,14,1.40,329,32.90,95.40,199,19.90
147,Henry Furuta,13,12,0.92,13,1.00,1,0.08,14,1.08,377,29.00,97.70,240,18.46
148,Anson Reppermund,14,12,0.86,12,0.86,26,1.86,36,2.57,75,5.36,85.20,277,19.79
149,Kevin Pettit-Scantling,11,12,1.09,8,0.73,25,2.27,37,3.36,93,8.45,94.90,252,22.91
150,Kevin Pettit-Scantling,11,12,1.09,8,0.73,25,2.27,37,3.36,93,8.45,94.90,252,22.91
151,Timothy Beatty,10,12,1.20,20,2.00,0,0.00,14,1.40,329,32.90,95.40,199,19.90
152,Isaac Leonard,12,12,1.00,9,0.75,8,0.67,28,2.33,43,3.58,97.70,205,17.08
153,Mitchell McCarthy,11,12,1.09,2,0.18,9,0.82,16,1.45,60,5.45,90.90,171,15.55
154,Nathan Vickroy,7,12,1.71,25,3.57,3,0.43,18,2.57,135,19.29,88.20,162,23.14
155,Adam O'Donnell,12,12,1.00,3,0.25,1,0.08,4,0.33,118,9.83,94.40,195,16.25
156,Henry Furuta,13,12,0.92,13,1.00,1,0.08,14,1.08,377,29.00,97.70,240,18.46
157,Iain Mackenzie,14,12,0.86,18,1.29,9,0.64,26,1.86,124,8.86,92.50,268,19.14
158,Charlie Muniz,9,11,1.22,2,0.22,3,0.33,9,1.00,125,13.89,96.90,136,15.11
159,Grayson Pangburn,10,11,1.10,2,0.20,2,0.20,4,0.40,42,4.20,84.00,155,15.50
160,Anthony McLean,6,11,1.83,2,0.33,1,0.17,11,1.83,35,5.83,94.60,97,16.17
161,Andrew Roney,11,11,1.00,69,6.27,14,1.27,46,4.18,573,52.09,92.40,336,30.55
162,Pawel Janas,13,11,0.85,77,5.92,8,0.62,68,5.23,714,54.92,96.60,335,25.77
163,Brandon Fein,10,11,1.10,6,0.60,7,0.70,19,1.90,55,5.50,91.70,209,20.90
164,Pat Shriwise,10,11,1.10,22,2.20,2,0.20,18,1.80,360,36.00,96.50,158,15.80
165,Carter Hollo,9,11,1.22,5,0.56,0,0.00,2,0.22,68,7.56,86.10,172,19.11
166,Jeff Wodatch,8,11,1.38,18,2.25,4,0.50,22,2.75,169,21.13,96.60,177,22.13
167,Kevin Groulx,11,11,1.00,10,0.91,12,1.09,18,1.64,59,5.36,83.10,177,16.09
168,Steven Milardovich,13,11,0.85,24,1.85,16,1.23,35,2.69,187,14.38,93.50,310,23.85
169,Nathan Bridges,9,11,1.22,2,0.22,6,0.67,15,1.67,63,7.00,95.50,125,13.89
170,KJ Koo,6,11,1.83,9,1.50,3,0.50,16,2.67,54,9.00,94.70,110,18.33
171,Josh Klane,12,11,0.92,62,5.17,4,0.33,35,2.92,519,43.25,92.80,274,22.83
172,Nathan Prior,12,11,0.92,34,2.83,5,0.42,32,2.67,655,54.58,97.60,282,23.50
173,Charlie Furse,12,10,0.83,4,0.33,3,0.25,11,0.92,44,3.67,89.80,138,11.50
174,Phil Turner,14,10,0.71,3,0.21,20,1.43,26,1.86,31,2.21,88.60,217,15.50
175,Geoff Bevan,12,10,0.83,17,1.42,3,0.25,13,1.08,206,17.17,92.80,288,24.00
176,Eric Nardelli,11,10,0.91,9,0.82,11,1.00,18,1.64,67,6.09,88.20,218,19.82
177,Jacob Greenberg,5,10,2.00,1,0.20,6,1.20,14,2.80,29,5.80,93.50,91,18.20
178,Jack Brown,7,10,1.43,1,0.14,5,0.71,10,1.43,29,4.14,85.30,117,16.71
179,Bretton Tan,6,10,1.67,1,0.17,10,1.67,17,2.83,45,7.50,95.70,119,19.83
180,Jacob Greenberg,5,10,2.00,1,0.20,6,1.20,14,2.80,29,5.80,93.50,91,18.20
181,Jack Brown,7,10,1.43,1,0.14,5,0.71,10,1.43,29,4.14,85.30,117,16.71
182,Matthew Crawford,8,10,1.25,13,1.63,2,0.25,18,2.25,132,16.50,95.00,170,21.25
183,Joseph Cubitt,12,10,0.83,37,3.08,11,0.92,9,0.75,537,44.75,92.10,288,24.00
184,Phil Turner,14,10,0.71,3,0.21,20,1.43,26,1.86,31,2.21,88.60,217,15.50
185,Kevin Quinlan,12,10,0.83,57,4.75,5,0.42,47,3.92,309,25.75,93.10,260,21.67
186,Ben Lewis,13,10,0.77,1,0.08,13,1.00,22,1.69,27,2.08,93.10,178,13.69
187,Noah Saul,9,10,1.11,27,3.00,1,0.11,28,3.11,396,44.00,97.50,216,24.00
188,Henry Phan,7,9,1.29,20,2.86,5,0.71,24,3.43,323,46.14,97.30,172,24.57
189,Sam Plasman,10,9,0.90,3,0.30,4,0.40,14,1.40,20,2.00,95.20,124,12.40
190,Tate Halberg,6,9,1.50,5,0.83,2,0.33,9,1.50,23,3.83,82.10,74,12.33
191,Marcel Osborne,12,9,0.75,3,0.25,6,0.50,13,1.08,51,4.25,96.20,207,17.25
192,Kenny Furdella,10,9,0.90,11,1.10,2,0.20,16,1.60,217,21.70,98.20,207,20.70
193,Jordan Kinde,12,9,0.75,24,2.00,7,0.58,11,0.92,216,18.00,89.30,240,20.00
194,Sam Fontaine,12,9,0.75,22,1.83,4,0.33,22,1.83,182,15.17,94.30,252,21.00
195,Joshua Zdrodowski,6,9,1.50,6,1.00,2,0.33,14,2.33,36,6.00,100.00,81,13.50
196,AJ Merriman,12,9,0.75,6,0.50,12,1.00,18,1.50,32,2.67,84.20,201,16.75
197,Jordan Taylor,8,9,1.13,7,0.88,5,0.63,11,1.38,64,8.00,87.70,154,19.25
198,Matt Neeley,10,9,0.90,8,0.80,8,0.80,16,1.60,67,6.70,93.10,154,15.40
199,Brandon Malecek,12,9,0.75,24,2.00,2,0.17,1,0.08,365,30.42,91.50,225,18.75
200,Jibran Mieser,11,9,0.82,10,0.91,6,0.55,18,1.64,115,10.45,94.30,192,17.45
201,Ross Barker,12,9,0.75,22,1.83,11,0.92,28,2.33,184,15.33,93.90,277,23.08
202,Alex Trautman,10,9,0.90,4,0.40,0,0.00,11,1.10,23,2.30,95.80,133,13.30
203,Jeffrey Silverman,13,9,0.69,8,0.62,11,0.85,23,1.77,83,6.38,94.30,209,16.08
204,Nate Ransom,10,9,0.90,11,1.10,7,0.70,10,1.00,198,19.80,92.50,187,18.70
205,Jason Holleran,9,9,1.00,6,0.67,2,0.22,9,1.00,109,12.11,93.20,150,16.67
206,Kiron Allen,9,9,1.00,3,0.33,0,0.00,6,0.67,212,23.56,98.10,157,17.44
207,Spencer Loscar,14,9,0.64,6,0.43,11,0.79,24,1.71,65,4.64,97.00,197,14.07
208,Alex Drum,12,9,0.75,7,0.58,9,0.75,18,1.50,48,4.00,90.60,192,16.00
209,Scott Radlauer,13,9,0.69,6,0.46,18,1.38,21,1.62,45,3.46,90.00,204,15.69
210,Adrian Yearwood,7,9,1.29,9,1.29,0,0.00,10,1.43,179,25.57,95.70,139,19.86
211,Jacky Hau,13,9,0.69,13,1.00,15,1.15,26,2.00,106,8.15,92.20,242,18.62
212,Isaiah Masek-Kelly,10,9,0.90,13,1.30,12,1.20,20,2.00,211,21.10,95.00,214,21.40
213,AJ Merriman,12,9,0.75,6,0.50,12,1.00,18,1.50,32,2.67,84.20,201,16.75
214,Beau Kittredge,14,8,0.57,4,0.29,17,1.21,22,1.57,192,13.71,97.00,257,18.36
215,Adam Carr,8,8,1.00,9,1.13,3,0.38,11,1.38,265,33.13,96.70,193,24.13
216,Robert Halvorsen,6,8,1.33,0,0.00,4,0.67,11,1.83,10,1.67,100.00,72,12.00
217,Sam VanDusen,12,8,0.67,43,3.58,10,0.83,23,1.92,251,20.92,87.80,326,27.17
218,Brett Hulsmeyer,10,8,0.80,1,0.10,12,1.20,18,1.80,38,3.80,92.70,179,17.90
219,Elliott Moore,9,8,0.89,7,0.78,5,0.56,16,1.78,50,5.56,98.00,135,15.00
220,Trevor Purdy,12,8,0.67,7,0.58,11,0.92,23,1.92,28,2.33,93.30,170,14.17
221,Dominic Leggio,10,8,0.80,11,1.10,7,0.70,19,1.90,235,23.50,97.50,222,22.20
222,Justin Norden,11,8,0.73,40,3.64,3,0.27,21,1.91,377,34.27,93.10,262,23.82
223,Brett Matzuka,10,8,0.80,15,1.50,6,0.60,17,1.70,436,43.60,97.30,202,20.20
224,Tim Fergus,9,8,0.89,12,1.33,3,0.33,14,1.56,251,27.89,97.70,162,18.00
225,Alex Jirele,6,8,1.33,2,0.33,1,0.17,10,1.67,14,2.33,100.00,56,9.33
226,Dave Wiseman,6,8,1.33,10,1.67,4,0.67,16,2.67,55,9.17,93.20,96,16.00
227,Brandon Matis,12,8,0.67,3,0.25,8,0.67,11,0.92,46,3.83,88.50,177,14.75
228,Marc Munoz,11,8,0.73,12,1.09,7,0.64,12,1.09,153,13.91,91.60,232,21.09
229,Jerrod Wolfe,5,8,1.60,9,1.80,2,0.40,12,2.40,42,8.40,87.50,98,19.60
230,Ryan Drost,14,8,0.57,3,0.21,14,1.00,20,1.43,63,4.50,92.60,231,16.50
231,Tim Lootens,10,8,0.80,5,0.50,4,0.40,10,1.00,92,9.20,92.90,127,12.70
232,Zach Marbach,10,8,0.80,3,0.30,7,0.70,13,1.30,27,2.70,90.00,140,14.00
233,Griffin Miller,12,8,0.67,5,0.42,8,0.67,15,1.25,43,3.58,91.50,157,13.08
234,Albert Alarcon,14,7,0.50,6,0.43,4,0.29,14,1.00,74,5.29,96.10,186,13.29
235,Garrett Santi,9,7,0.78,4,0.44,1,0.11,5,0.56,39,4.33,90.70,110,12.22
236,Paul Lally,6,7,1.17,7,1.17,1,0.17,8,1.33,106,17.67,94.60,110,18.33
237,Gabriel Monfette,11,7,0.64,2,0.18,3,0.27,9,0.82,68,6.18,95.80,168,15.27
238,Drew Otterlei,10,7,0.70,9,0.90,3,0.30,7,0.70,108,10.80,90.00,122,12.20
239,Mark Burton,8,7,0.88,38,4.75,1,0.13,17,2.13,343,42.88,92.70,194,24.25
240,Scott Graham,5,7,1.40,3,0.60,1,0.20,6,1.20,35,7.00,92.10,69,13.80
241,Ryan Weaver,7,7,1.00,17,2.43,1,0.14,6,0.86,186,26.57,91.20,134,19.14
242,Dan LaFrance,10,7,0.70,1,0.10,2,0.20,9,0.90,9,0.90,100.00,97,9.70
243,Bryson Simon-Fox,8,7,0.88,7,0.88,4,0.50,10,1.25,121,15.13,94.50,164,20.50
244,Dustin Travaglini,12,7,0.58,13,1.08,4,0.33,5,0.42,295,24.58,93.90,217,18.08
245,Wesley Miaw,8,7,0.88,3,0.38,4,0.50,11,1.38,42,5.25,93.30,106,13.25
246,Dustin Damiano,9,7,0.78,11,1.22,3,0.33,6,0.67,289,32.11,95.10,171,19.00
247,Brad Bolliger,7,7,1.00,3,0.43,3,0.43,7,1.00,52,7.43,94.50,86,12.29
248,Joshua Wilson,11,7,0.64,15,1.36,5,0.45,14,1.27,165,15.00,93.20,206,18.73
249,Paul Lally,6,7,1.17,7,1.17,1,0.17,8,1.33,106,17.67,94.60,110,18.33
250,David Shields,11,7,0.64,11,1.00,6,0.55,16,1.45,99,9.00,92.50,173,15.73
251,Quentin Roger,12,7,0.58,39,3.25,1,0.08,27,2.25,359,29.92,95.20,237,19.75
252,Ryan Purcell,8,7,0.88,15,1.88,5,0.63,12,1.50,167,20.88,92.80,131,16.38
253,William Coffin,10,7,0.70,5,0.50,2,0.20,-2,-0.20,137,13.70,92.60,204,20.40
254,Matthew Ballman,6,7,1.17,1,0.17,3,0.50,11,1.83,9,1.50,100.00,72,12.00
255,Andrew McKelvey,9,7,0.78,2,0.22,3,0.33,5,0.56,22,2.44,78.60,86,9.56
256,Nick Mahan,11,7,0.64,1,0.09,5,0.45,6,0.55,33,3.00,86.80,196,17.82
257,Mutahir Ahmad,5,7,1.40,4,0.80,0,0.00,5,1.00,121,24.20,96.00,91,18.20
258,Quinn Bergeron,11,7,0.64,3,0.27,5,0.45,12,1.09,27,2.45,90.00,154,14.00
259,Harper Garvey,15,6,0.40,60,4.00,8,0.53,36,2.40,675,45.00,95.10,348,23.20
260,Matt O'Brien,9,6,0.67,4,0.44,8,0.89,8,0.89,43,4.78,87.80,159,17.67
261,Matt LeMar,15,6,0.40,10,0.67,5,0.33,10,0.67,133,8.87,92.40,232,15.47
262,Victor Luo,10,6,0.60,12,1.20,6,0.60,13,1.30,178,17.80,94.70,157,15.70
263,Mark Philipson,9,6,0.67,6,0.67,5,0.56,12,1.33,269,29.89,99.30,198,22.00
264,Shane Sisco,6,6,1.00,2,0.33,2,0.33,9,1.50,15,2.50,93.80,83,13.83
265,Malik Auger-Semmar,8,6,0.75,5,0.63,5,0.63,13,1.63,37,4.63,92.50,123,15.38
266,Seth Meyer,7,6,0.86,2,0.29,9,1.29,15,2.14,17,2.43,94.40,84,12.00
267,Mason Wuensch,8,6,0.75,1,0.13,7,0.88,11,1.38,22,2.75,95.70,109,13.63
268,Justin Perticone,7,6,0.86,8,1.14,5,0.71,5,0.71,72,10.29,85.70,167,23.86
269,Thomas Lassetter,10,6,0.60,8,0.80,1,0.10,-3,-0.30,258,25.80,93.80,180,18.00
270,Mason Wuensch,8,6,0.75,1,0.13,7,0.88,11,1.38,22,2.75,95.70,109,13.63
271,Steven Chang,8,6,0.75,13,1.63,3,0.38,14,1.75,329,41.13,97.60,197,24.63
272,Cody Johnston,10,6,0.60,18,1.80,0,0.00,14,1.40,342,34.20,97.70,199,19.90
273,David Richardson,10,6,0.60,3,0.30,17,1.70,25,2.50,17,1.70,94.40,172,17.20
274,Victor Taggart,8,6,0.75,1,0.13,0,0.00,3,0.38,14,1.75,77.80,127,15.88
275,Jonathan Mast,14,6,0.43,21,1.50,4,0.29,9,0.64,639,45.64,96.70,288,20.57
276,David Bloodgood,11,6,0.55,12,1.09,12,1.09,15,1.36,199,18.09,93.90,225,20.45
277,Victor Luo,10,6,0.60,12,1.20,6,0.60,13,1.30,178,17.80,94.70,157,15.70
278,Ryan Welch,8,6,0.75,2,0.25,1,0.13,7,0.88,11,1.38,84.60,86,10.75
279,Daniel Sperling,5,6,1.20,12,2.40,0,0.00,16,3.20,46,9.20,95.80,98,19.60
280,Thomas Lassetter,10,6,0.60,8,0.80,1,0.10,-3,-0.30,258,25.80,93.80,180,18.00
281,Laurent Faye,12,6,0.50,7,0.58,1,0.08,-6,-0.50,393,32.75,95.40,227,18.92
282,Jeff Maskalunas,5,6,1.20,5,1.00,6,1.20,14,2.80,29,5.80,96.70,74,14.80
283,Kodi Smart,8,6,0.75,17,2.13,0,0.00,1,0.13,214,26.75,92.20,182,22.75
284,Peter Burt,8,6,0.75,3,0.38,5,0.63,10,1.25,27,3.38,87.10,101,12.63
285,Calvin Brown,6,6,1.00,16,2.67,3,0.50,13,2.17,152,25.33,93.30,123,20.50
286,Jason Huynh,10,6,0.60,12,1.20,4,0.40,13,1.30,147,14.70,94.80,176,17.60
287,Hayden Wachob,6,6,1.00,5,0.83,1,0.17,4,0.67,82,13.67,93.20,73,12.17
288,Ben Nelson,7,6,0.86,13,1.86,2,0.29,15,2.14,221,31.57,97.40,107,15.29
289,James Kittlesen,12,6,0.50,3,0.25,28,2.33,28,2.33,47,3.92,87.00,253,21.08
290,Eric Taylor,8,6,0.75,25,3.13,3,0.38,8,1.00,448,56.00,95.30,208,26.00
291,Mathieu Bosser,8,6,0.75,9,1.13,3,0.38,10,1.25,144,18.00,94.70,119,14.88
292,Nick Patel,8,6,0.75,1,0.13,1,0.13,0,0.00,72,9.00,91.10,135,16.88
293,Xavier Charles,10,6,0.60,2,0.20,4,0.40,12,1.20,12,1.20,100.00,95,9.50
294,Jacob Fella,9,6,0.67,1,0.11,7,0.78,9,1.00,29,3.22,90.60,140,15.56
295,Nate Bosscher,9,6,0.67,14,1.56,5,0.56,13,1.44,95,10.56,89.60,150,16.67
296,Mike Mackenzie,2,6,3.00,3,1.50,1,0.50,10,5.00,11,5.50,100.00,23,11.50
297,Dylan Power,9,6,0.67,5,0.56,1,0.11,8,0.89,128,14.22,97.00,112,12.44
298,Zach Riggins,5,5,1.00,4,0.80,1,0.20,9,1.80,23,4.60,100.00,60,12.00
299,Jake Gutkowski,5,5,1.00,1,0.20,1,0.20,5,1.00,66,13.20,98.50,64,12.80
300,Zach Riggins,5,5,1.00,4,0.80,1,0.20,9,1.80,23,4.60,100.00,60,12.00
301,Gabriel Hernandez,11,5,0.45,8,0.73,5,0.45,11,1.00,106,9.64,94.60,172,15.64
302,Alexander Morris,7,5,0.71,2,0.29,3,0.43,10,1.43,27,3.86,100.00,100,14.29
303,Marijo Zlatic,3,5,1.67,1,0.33,2,0.67,6,2.00,6,2.00,100.00,38,12.67
304,Kevin Tien,7,5,0.71,1,0.14,5,0.71,9,1.29,21,3.00,91.30,121,17.29
305,Xavier Maxstadt,10,5,0.50,12,1.20,8,0.80,6,0.60,86,8.60,82.70,179,17.90
306,Eric Lissner,8,5,0.63,19,2.38,11,1.38,25,3.13,120,15.00,92.30,166,20.75
307,Dave Ritchie,6,5,0.83,0,0.00,1,0.17,5,0.83,14,2.33,93.30,53,8.83
308,Jake Gutkowski,5,5,1.00,1,0.20,1,0.20,5,1.00,66,13.20,98.50,64,12.80
309,Seth Weaver,12,5,0.42,18,1.50,12,1.00,23,1.92,194,16.17,95.10,263,21.92
310,Kevin Nicholl,8,5,0.63,1,0.13,6,0.75,9,1.13,21,2.63,95.50,82,10.25
311,Dylan DeClerck,5,5,1.00,1,0.20,9,1.80,13,2.60,17,3.40,89.50,104,20.80
312,Justin Allen,6,5,0.83,2,0.33,5,0.83,6,1.00,22,3.67,78.60,91,15.17
313,Andrew Padula,10,5,0.50,2,0.20,6,0.60,10,1.00,47,4.70,94.00,140,14.00
314,Jason Lam,11,5,0.45,3,0.27,2,0.18,-2,-0.18,91,8.27,91.00,112,10.18
315,Luc Comire,8,5,0.63,7,0.88,1,0.13,-2,-0.25,245,30.63,95.70,159,19.88
316,Joe Richards,4,5,1.25,2,0.50,6,1.50,12,3.00,14,3.50,93.30,77,19.25
317,Daniel Emmons,13,5,0.38,6,0.46,11,0.85,17,1.31,29,2.23,90.60,173,13.31
318,Andrew Ouchterlony,11,5,0.45,6,0.55,4,0.36,8,0.73,64,5.82,94.10,157,14.27
319,Steve Mogielski,14,5,0.36,1,0.07,4,0.29,2,0.14,33,2.36,80.50,171,12.21
320,Alex Duffel,9,5,0.56,5,0.56,2,0.22,10,1.11,101,11.22,99.00,147,16.33
321,Tom Annen,7,5,0.71,3,0.43,1,0.14,3,0.43,111,15.86,96.50,98,14.00
322,Nate Kirchhofer,10,5,0.50,4,0.40,4,0.40,8,0.80,64,6.40,95.50,148,14.80
323,Joe Rogers,5,5,1.00,0,0.00,1,0.20,1,0.20,73,14.60,94.80,108,21.60
324,Brian Gfroerer,11,5,0.45,1,0.09,7,0.64,4,0.36,42,3.82,85.70,162,14.73
325,Peter Carleton,12,5,0.42,9,0.75,3,0.25,9,0.75,67,5.58,90.50,165,13.75
326,Thomas Coolidge,11,5,0.45,8,0.73,8,0.73,18,1.64,117,10.64,97.50,163,14.82
327,Ben Rogers,8,5,0.63,2,0.25,3,0.38,9,1.13,26,3.25,100.00,84,10.50
328,Nick Zeman,7,5,0.71,3,0.43,1,0.14,8,1.14,11,1.57,100.00,97,13.86
329,Christophe Tremblay-Joncas,12,5,0.42,4,0.33,8,0.67,11,0.92,35,2.92,87.50,201,16.75
330,Daniel Emmons,13,5,0.38,6,0.46,11,0.85,17,1.31,29,2.23,90.60,173,13.31
331,Allan Michel,7,4,0.57,1,0.14,3,0.43,6,0.86,12,1.71,85.70,77,11.00
332,Tim McAllister,8,4,0.50,10,1.25,7,0.88,17,2.13,42,5.25,93.30,156,19.50
333,Ryan Smith,9,4,0.44,5,0.56,1,0.11,7,0.78,62,6.89,95.40,118,13.11
334,Sam Cook,4,4,1.00,3,0.75,1,0.25,6,1.50,25,6.25,92.60,59,14.75
335,John Quandt,3,4,1.33,0,0.00,1,0.33,4,1.33,30,10.00,96.80,48,16.00
336,Joe Thompson,6,4,0.67,2,0.33,1,0.17,5,0.83,16,2.67,88.90,62,10.33
337,Kieran Charnock,10,4,0.40,5,0.50,3,0.30,9,0.90,18,1.80,90.00,98,9.80
338,Greg Mohler,7,4,0.57,6,0.86,1,0.14,3,0.43,77,11.00,91.70,94,13.43
339,Jon Hallett,10,4,0.40,3,0.30,8,0.80,11,1.10,21,2.10,91.30,138,13.80
340,Joey Cretella,5,4,0.80,5,1.00,6,1.20,12,2.40,43,8.60,95.60,94,18.80
341,Josh Kohl,7,4,0.57,2,0.29,2,0.29,3,0.43,25,3.57,83.30,74,10.57
342,Dane Warner,11,4,0.36,1,0.09,8,0.73,5,0.45,42,3.82,91.30,135,12.27
343,Austin Johnson,10,4,0.40,0,0.00,10,1.00,8,0.80,102,10.20,94.40,154,15.40
344,Conner Henderson,13,4,0.31,4,0.31,9,0.69,10,0.77,101,7.77,94.40,165,12.69
345,Austin Lillis,9,4,0.44,0,0.00,2,0.22,-2,-0.22,51,5.67,87.90,116,12.89
346,Ben Pries,12,4,0.33,0,0.00,9,0.75,12,1.00,20,1.67,95.20,182,15.17
347,Remi Ojo,10,4,0.40,1,0.10,10,1.00,9,0.90,18,1.80,75.00,127,12.70
348,Sam Ellison,11,4,0.36,1,0.09,9,0.82,11,1.00,21,1.91,87.50,131,11.91
349,Adam Burgess,11,4,0.36,8,0.73,7,0.64,10,0.91,116,10.55,93.50,158,14.36
350,Jacob Bartholomew,4,4,1.00,0,0.00,0,0.00,3,0.75,10,2.50,90.90,57,14.25
351,Jimmy Zuraw,8,4,0.50,8,1.00,4,0.50,5,0.63,118,14.75,92.90,128,16.00
352,Craig Anderson,11,4,0.36,4,0.36,2,0.18,-7,-0.64,269,24.45,95.10,268,24.36
353,Paul Mensah,11,4,0.36,0,0.00,8,0.73,8,0.73,25,2.27,92.60,172,15.64
354,Javier Ortiz,5,4,0.80,0,0.00,2,0.40,4,0.80,23,4.60,92.00,64,12.80
355,Ethan Fortin,9,4,0.44,19,2.11,3,0.33,7,0.78,408,45.33,95.60,189,21.00
356,Chuck Cao,7,4,0.57,15,2.14,2,0.29,5,0.71,264,37.71,94.60,171,24.43
357,Zane Rankin,5,4,0.80,6,1.20,2,0.40,0,0.00,67,13.40,85.90,96,19.20
358,Chuck Cantone,10,4,0.40,4,0.40,6,0.60,13,1.30,46,4.60,97.90,127,12.70
359,Brett Robinson,3,4,1.33,2,0.67,3,1.00,4,1.33,5,1.67,83.30,36,12.00
360,Robert Lewis,12,4,0.33,9,0.75,1,0.08,-6,-0.50,147,12.25,89.10,183,15.25
361,Kamron Daftari,4,4,1.00,0,0.00,4,1.00,7,1.75,8,2.00,88.90,46,11.50
362,Grayson Sanner,4,4,1.00,1,0.25,1,0.25,3,0.75,17,4.25,85.00,52,13.00
363,Matt Esser,5,4,0.80,3,0.60,1,0.20,3,0.60,28,5.60,90.30,77,15.40
364,Connor Russell,4,4,1.00,1,0.25,1,0.25,-2,-0.50,15,3.75,65.20,54,13.50
365,Jeff Lindquist,6,4,0.67,8,1.33,3,0.50,5,0.83,85,14.17,91.40,125,20.83
366,Jeff Loskorn,7,4,0.57,16,2.29,4,0.57,3,0.43,252,36.00,93.00,159,22.71
367,Marques Brownlee,11,4,0.36,8,0.73,1,0.09,9,0.82,31,2.82,88.60,156,14.18
368,Jacob Clary,12,4,0.33,1,0.08,9,0.75,14,1.17,7,0.58,100.00,127,10.58
369,Ryan Segal,5,4,0.80,4,0.80,1,0.20,7,1.40,23,4.60,95.80,46,9.20
370,Taylor Minch,8,4,0.50,3,0.38,1,0.13,3,0.38,38,4.75,88.40,121,15.13
371,Cal Tornabene,7,4,0.57,3,0.43,3,0.43,8,1.14,28,4.00,93.30,88,12.57
372,Matthew Armour,9,4,0.44,2,0.22,5,0.56,9,1.00,30,3.33,93.80,116,12.89
373,Mac McClellan,9,4,0.44,10,1.11,3,0.33,7,0.78,147,16.33,94.20,129,14.33
374,Leo Pierson,7,4,0.57,1,0.14,6,0.86,10,1.43,10,1.43,90.90,97,13.86
375,Karl Ekwurtzel,9,4,0.44,1,0.11,4,0.44,2,0.22,44,4.89,86.30,121,13.44
376,Logan Pruess,5,4,0.80,7,1.40,0,0.00,7,1.40,66,13.20,95.70,94,18.80
377,Collin Gall,9,4,0.44,13,1.44,5,0.56,15,1.67,73,8.11,91.30,124,13.78
378,Jacob Saunders,11,3,0.27,4,0.36,0,0.00,-4,-0.36,308,28.00,97.20,202,18.36
379,Ross Ward,9,3,0.33,3,0.33,4,0.44,9,1.00,20,2.22,95.20,110,12.22
380,Alex Brouwer,7,3,0.43,0,0.00,1,0.14,3,0.43,5,0.71,100.00,45,6.43
381,Colin Ringwood,12,3,0.25,0,0.00,6,0.50,3,0.25,35,2.92,89.70,110,9.17
382,Jeffery Schubert,8,3,0.38,1,0.13,2,0.25,1,0.13,9,1.13,69.20,89,11.13
383,Patrick McMullen,13,3,0.23,4,0.31,1,0.08,3,0.23,108,8.31,97.30,197,15.15
384,Jason Vallee,7,3,0.43,6,0.86,5,0.71,13,1.86,43,6.14,97.70,97,13.86
385,Matt Jackson,1,3,3.00,0,0.00,4,4.00,4,4.00,23,23.00,88.50,20,20.00
386,Jake Baumer,6,3,0.50,2,0.33,9,1.50,10,1.67,20,3.33,83.30,76,12.67
387,Ryan Brown,11,3,0.27,1,0.09,3,0.27,7,0.64,13,1.18,100.00,111,10.09
388,Gabe Taylor,12,3,0.25,3,0.25,2,0.17,4,0.33,43,3.58,91.50,138,11.50
389,Jason Crowe,4,3,0.75,0,0.00,0,0.00,3,0.75,16,4.00,100.00,43,10.75
390,Jeff Nordgren,10,3,0.30,3,0.30,6,0.60,6,0.60,37,3.70,88.10,149,14.90
391,Joey Kennedy,9,3,0.33,4,0.44,1,0.11,2,0.22,44,4.89,89.80,108,12.00
392,Ted Schewe,4,3,0.75,2,0.50,1,0.25,-2,-0.50,20,5.00,80.00,44,11.00
393,Doug Richardson,9,3,0.33,5,0.56,5,0.56,5,0.56,89,9.89,93.70,127,14.11
394,Nabil Chaouch,10,3,0.30,1,0.10,5,0.50,7,0.70,13,1.30,92.90,136,13.60
395,Philippe Bisson,10,3,0.30,1,0.10,4,0.40,5,0.50,25,2.50,89.30,146,14.60
396,Joshua Layton,4,3,0.75,5,1.25,0,0.00,3,0.75,29,7.25,90.60,52,13.00
397,Kyle Rubin,11,3,0.27,2,0.18,3,0.27,4,0.36,33,3.00,94.30,151,13.73
398,Karl Kingma,9,3,0.33,2,0.22,2,0.22,5,0.56,8,0.89,80.00,72,8.00
399,Marquis Cofer,10,3,0.30,1,0.10,3,0.30,4,0.40,9,0.90,81.80,91,9.10
400,John Cecil,9,3,0.33,1,0.11,3,0.33,2,0.22,18,2.00,90.00,114,12.67
401,Bobby Patterson,11,3,0.27,6,0.55,4,0.36,2,0.18,50,4.55,84.70,142,12.91
402,Eric Brodbeck,6,3,0.50,1,0.17,2,0.33,5,0.83,10,1.67,90.90,64,10.67
403,Ryan Lepore,3,3,1.00,2,0.67,0,0.00,4,1.33,14,4.67,100.00,47,15.67
404,Braedan Robinson,8,3,0.38,0,0.00,3,0.38,3,0.38,15,1.88,88.20,97,12.13
405,Glenn Wysen,6,3,0.50,2,0.33,1,0.17,3,0.50,116,19.33,97.50,102,17.00
406,Charlie Mercer,6,3,0.50,3,0.50,0,0.00,1,0.17,26,4.33,86.70,97,16.17
407,Erik Hunter,6,3,0.50,1,0.17,0,0.00,-3,-0.50,22,3.67,78.60,71,11.83
408,Alex Rummelhart,9,3,0.33,1,0.11,3,0.33,7,0.78,23,2.56,100.00,113,12.56
409,Dillon Larberg,12,3,0.25,32,2.67,17,1.42,17,1.42,193,16.08,85.00,239,19.92
410,Alex Pan,4,3,0.75,0,0.00,2,0.50,2,0.50,29,7.25,90.60,58,14.50
411,James Pollard,8,3,0.38,4,0.50,6,0.75,5,0.63,17,2.13,81.00,111,13.88
412,Colin Masino,5,3,0.60,0,0.00,4,0.80,6,1.20,7,1.40,100.00,58,11.60
413,Brandon Canonizado,4,3,0.75,1,0.25,1,0.25,4,1.00,3,0.75,100.00,57,14.25
414,Nick Hutton,13,3,0.23,16,1.23,16,1.23,16,1.23,80,6.15,84.20,206,15.85
415,Zac Schakner,6,3,0.50,2,0.33,2,0.33,4,0.67,59,9.83,95.20,99,16.50
416,Austin Koffarnus,6,3,0.50,0,0.00,3,0.50,4,0.67,5,0.83,71.40,47,7.83
417,Jeremy Norden,10,3,0.30,10,1.00,4,0.40,2,0.20,145,14.50,91.20,114,11.40
418,Jack Kelly,4,3,0.75,2,0.50,3,0.75,4,1.00,13,3.25,81.30,45,11.25
419,Paul Owens,6,3,0.50,1,0.17,3,0.50,2,0.33,17,2.83,77.30,79,13.17
420,Jacob Lane,9,3,0.33,4,0.44,3,0.33,6,0.67,61,6.78,95.30,125,13.89
421,Paul Renaud,11,3,0.27,2,0.18,16,1.45,14,1.27,54,4.91,90.00,173,15.73
422,Jesse Greenberg,11,3,0.27,22,2.00,8,0.73,13,1.18,397,36.09,95.20,241,21.91
423,Kyle Conniff,7,3,0.43,6,0.86,2,0.29,8,1.14,36,5.14,94.70,86,12.29
424,Eike Cramer,9,3,0.33,0,0.00,1,0.11,3,0.33,22,2.44,100.00,107,11.89
425,Mitchell Steiner,13,3,0.23,7,0.54,11,0.85,15,1.15,117,9.00,95.90,206,15.85
426,Ethan Peck,3,3,1.00,1,0.33,3,1.00,-7,-2.33,34,11.33,75.60,54,18.00
427,Alex Bertoia,8,3,0.38,6,0.75,5,0.63,3,0.38,143,17.88,92.90,148,18.50
428,Zach Zebarth,11,3,0.27,2,0.18,4,0.36,5,0.45,29,2.64,87.90,96,8.73
429,Matt Weintraub,11,3,0.27,4,0.36,2,0.18,7,0.64,68,6.18,97.10,112,10.18
430,Sam Ward,6,3,0.50,4,0.67,1,0.17,6,1.00,19,3.17,90.50,80,13.33
431,June Rapisura,11,3,0.27,10,0.91,4,0.36,9,0.82,144,13.09,94.70,208,18.91
432,Brendan McCann,6,3,0.50,2,0.33,4,0.67,5,0.83,81,13.50,95.30,142,23.67
433,Nicholas Hirning,7,3,0.43,6,0.86,5,0.71,11,1.57,32,4.57,91.40,98,14.00
434,Thomas Echols,4,3,0.75,5,1.25,0,0.00,5,1.25,31,7.75,93.90,84,21.00
435,Sean Treacy,3,3,1.00,1,0.33,1,0.33,3,1.00,11,3.67,91.70,28,9.33
436,Devon Rogers,5,3,0.60,0,0.00,1,0.20,2,0.40,27,5.40,96.40,77,15.40
437,Houston Parks,9,3,0.33,4,0.44,5,0.56,7,0.78,15,1.67,88.20,128,14.22
438,Aidan Hall,6,2,0.33,1,0.17,0,0.00,3,0.50,13,2.17,100.00,62,10.33
439,Jakeem Polk,6,2,0.33,0,0.00,5,0.83,7,1.17,10,1.67,100.00,64,10.67
440,Brice Dunn,8,2,0.25,4,0.50,8,1.00,11,1.38,31,3.88,93.90,144,18.00
441,Corey Mika,7,2,0.29,2,0.29,1,0.14,1,0.14,6,0.86,75.00,73,10.43
442,Ryan Holmes,7,2,0.29,0,0.00,0,0.00,1,0.14,8,1.14,88.90,58,8.29
443,Michael Egan,6,2,0.33,0,0.00,2,0.33,2,0.33,2,0.33,50.00,42,7.00
444,Bryce Lozinski,4,2,0.50,0,0.00,1,0.25,1,0.25,10,2.50,90.90,44,11.00
445,JD Hastings,10,2,0.20,7,0.70,3,0.30,8,0.80,63,6.30,95.50,148,14.80
446,Sol Yanuck,9,2,0.22,12,1.33,9,1.00,15,1.67,168,18.67,95.50,171,19.00
447,Donovan Triplett,12,2,0.17,4,0.33,2,0.17,2,0.17,82,6.83,93.20,157,13.08
448,Dayne Meyer,12,2,0.17,3,0.25,5,0.42,8,0.67,31,2.58,96.90,121,10.08
449,Sun Choi,10,2,0.20,10,1.00,3,0.30,6,0.60,90,9.00,90.90,132,13.20
450,Derek Alexander,4,2,0.50,10,2.50,1,0.25,0,0.00,159,39.75,93.50,86,21.50
451,Ryan Wallace,9,2,0.22,0,0.00,4,0.44,4,0.44,15,1.67,93.80,71,7.89
452,David Meinecke,6,2,0.33,4,0.67,2,0.33,0,0.00,38,6.33,84.40,94,15.67
453,Kayhee Fong,3,2,0.67,2,0.67,0,0.00,3,1.00,16,5.33,100.00,42,14.00
454,Matthew Bierschenk,8,2,0.25,2,0.25,0,0.00,0,0.00,35,4.38,89.70,87,10.88
455,Matt Theologidy,9,2,0.22,1,0.11,2,0.22,3,0.33,59,6.56,96.70,118,13.11
456,Aaron Weaver,7,2,0.29,1,0.14,3,0.43,0,0.00,13,1.86,86.70,78,11.14
457,Will Turner,11,2,0.18,11,1.00,15,1.36,22,2.00,163,14.82,97.00,231,21.00
458,Kevin Jay,9,2,0.22,0,0.00,3,0.33,3,0.33,21,2.33,91.30,78,8.67
459,CJ O'Brien,3,2,0.67,0,0.00,0,0.00,2,0.67,1,0.33,100.00,12,4.00
460,Ray Mendoza,10,2,0.20,2,0.20,5,0.50,6,0.60,29,2.90,90.60,114,11.40
461,Reese Bowman,4,2,0.50,0,0.00,0,0.00,0,0.00,13,3.25,86.70,44,11.00
462,Matthew Hankin,5,2,0.40,1,0.20,1,0.20,0,0.00,37,7.40,97.40,73,14.60
463,Kristian Johnson,8,2,0.25,13,1.63,2,0.25,-1,-0.13,142,17.75,88.80,165,20.63
464,Carter Rae,6,2,0.33,7,1.17,3,0.50,9,1.50,38,6.33,92.70,85,14.17
465,Vincent Gamache,12,2,0.17,6,0.50,6,0.50,4,0.33,115,9.58,93.50,153,12.75
466,Christian Gaeta,5,2,0.40,0,0.00,7,1.40,7,1.40,18,3.60,94.70,80,16.00
467,Kevin Anthony,6,2,0.33,1,0.17,2,0.33,2,0.33,23,3.83,92.00,66,11.00
468,David Innis,11,2,0.18,11,1.00,4,0.36,-13,-1.18,441,40.09,94.20,213,19.36
469,Player Pierce,11,2,0.18,31,2.82,4,0.36,15,1.36,389,35.36,94.60,229,20.82
470,Kyle Cantal,8,2,0.25,0,0.00,4,0.50,2,0.25,24,3.00,88.90,131,16.38
471,Keivaun Waugh,7,2,0.29,6,0.86,1,0.14,-2,-0.29,218,31.14,96.00,146,20.86
472,Jack Barrow,4,2,0.50,0,0.00,0,0.00,2,0.50,7,1.75,100.00,13,3.25
473,Mark Slader,8,2,0.25,3,0.38,6,0.75,5,0.63,43,5.38,87.80,84,10.50
474,Jasper Tom,5,2,0.40,1,0.20,1,0.20,3,0.60,42,8.40,97.70,70,14.00
475,Connor Ughetta,7,2,0.29,3,0.43,3,0.43,5,0.71,37,5.29,92.50,99,14.14
476,Johnnie Lynch,4,2,0.50,2,0.50,1,0.25,4,1.00,4,1.00,100.00,35,8.75
477,Wayne Lu,4,2,0.50,2,0.50,0,0.00,2,0.50,14,3.50,93.30,58,14.50
478,Mike Cramer,2,2,1.00,0,0.00,0,0.00,2,1.00,2,1.00,100.00,30,15.00
479,Basile Limoges,4,2,0.50,0,0.00,1,0.25,2,0.50,10,2.50,90.90,40,10.00
480,TJ Stanton,7,2,0.29,1,0.14,0,0.00,1,0.14,8,1.14,88.90,63,9.00
481,John Buss,6,2,0.33,0,0.00,2,0.33,3,0.50,14,2.33,100.00,48,8.00
482,Ian Ladner,5,2,0.40,4,0.80,2,0.40,7,1.40,58,11.60,100.00,85,17.00
483,Dennis Casio,11,2,0.18,16,1.45,5,0.45,8,0.73,269,24.45,95.10,247,22.45
484,Henry Schneider,3,2,0.67,3,1.00,3,1.00,8,2.67,26,8.67,100.00,49,16.33
485,Joel Clutton,10,2,0.20,0,0.00,8,0.80,8,0.80,16,1.60,94.10,136,13.60
486,Jesse Johnson,9,2,0.22,0,0.00,3,0.33,1,0.11,21,2.33,84.00,64,7.11
487,Josh McKisic,5,2,0.40,0,0.00,1,0.20,3,0.60,3,0.60,100.00,35,7.00
488,Jakob Brissette,8,2,0.25,5,0.63,2,0.25,6,0.75,59,7.38,96.70,95,11.88
489,Ken Alexander,3,2,0.67,2,0.67,1,0.33,1,0.33,31,10.33,91.20,44,14.67
490,Tyler Thomegreene,4,2,0.50,1,0.25,1,0.25,0,0.00,29,7.25,93.50,54,13.50
491,Evan Karson,6,2,0.33,4,0.67,4,0.67,3,0.50,60,10.00,89.60,71,11.83
492,Jeremy Knopf,6,2,0.33,1,0.17,3,0.50,4,0.67,36,6.00,94.70,77,12.83
493,Alan Scarth,9,2,0.22,9,1.00,4,0.44,5,0.56,105,11.67,92.10,140,15.56
494,Stuart Hean,5,2,0.40,5,1.00,0,0.00,-1,-0.20,47,9.40,88.70,54,10.80
495,Brandon Pastor,4,2,0.50,0,0.00,0,0.00,0,0.00,10,2.50,83.30,22,5.50
496,Jeremy Keusch,7,2,0.29,2,0.29,2,0.29,1,0.14,22,3.14,84.60,75,10.71
497,Mike Kobyra,4,2,0.50,1,0.25,2,0.50,2,0.50,10,2.50,76.90,31,7.75
498,Mike Pannone,3,2,0.67,1,0.33,1,0.33,4,1.33,3,1.00,100.00,39,13.00
499,Mitchell Bennett,3,2,0.67,2,0.67,1,0.33,1,0.33,22,7.33,91.70,52,17.33
500,John Jones,11,2,0.18,0,0.00,5,0.45,2,0.18,13,1.18,81.30,94,8.55
501,Jacob Mouw,8,2,0.25,4,0.50,0,0.00,1,0.13,38,4.75,90.50,85,10.63
502,Jack Hefferon,9,2,0.22,0,0.00,7,0.78,9,1.00,13,1.44,100.00,125,13.89
503,Nick Murphy,2,2,1.00,1,0.50,1,0.50,4,2.00,7,3.50,100.00,16,8.00
504,Jordan Robarge,5,2,0.40,3,0.60,2,0.40,6,1.20,15,3.00,93.80,47,9.40
505,Jeremy Hess,3,2,0.67,2,0.67,4,1.33,8,2.67,9,3.00,100.00,56,18.67
506,Jon Gibson,6,2,0.33,4,0.67,0,0.00,-1,-0.17,38,6.33,86.40,101,16.83
507,Jake Reinhardt,9,2,0.22,2,0.22,9,1.00,0,0.00,57,6.33,83.80,147,16.33
508,Saurov Dubey,7,1,0.14,1,0.14,1,0.14,2,0.29,9,1.29,90.00,74,10.57
509,Carson Turner,10,1,0.10,4,0.40,10,1.00,4,0.40,75,7.50,89.30,178,17.80
510,Colin Grandon,9,1,0.11,7,0.78,3,0.33,8,0.89,36,4.00,92.30,112,12.44
511,Connor Armstrong,2,1,0.50,0,0.00,0,0.00,0,0.00,51,25.50,98.10,29,14.50
512,Dan Vockeroth,2,1,0.50,0,0.00,1,0.50,0,0.00,2,1.00,100.00,24,12.00
513,Ed Fox,4,1,0.25,3,0.75,2,0.50,0,0.00,71,17.75,92.20,66,16.50
514,Jaime Perez,4,1,0.25,0,0.00,1,0.25,1,0.25,7,1.75,100.00,44,11.00
515,James Sykora,11,1,0.09,3,0.27,8,0.73,4,0.36,58,5.27,87.90,136,12.36
516,Jaret Meron,14,1,0.07,8,0.57,4,0.29,0,0.00,105,7.50,89.00,212,15.14
517,Jesse Evans,2,1,0.50,0,0.00,1,0.50,2,1.00,3,1.50,100.00,20,10.00
518,Jesse Jenkins,2,1,0.50,0,0.00,0,0.00,-1,-0.50,4,2.00,80.00,24,12.00
519,Josh Alorro,10,1,0.10,6,0.60,7,0.70,9,0.90,80,8.00,94.10,165,16.50
520,Josh Bush,6,1,0.17,1,0.17,2,0.33,0,0.00,10,1.67,76.90,37,6.17
521,Judah Newman,2,1,0.50,0,0.00,0,0.00,0,0.00,22,11.00,95.70,24,12.00
522,Kyle Smith,1,1,1.00,0,0.00,1,1.00,2,2.00,2,2.00,100.00,12,12.00
523,Kyle Weigand,8,1,0.13,2,0.25,1,0.13,-1,-0.13,44,5.50,93.60,90,11.25
524,Matt Bennett,8,1,0.13,25,3.13,4,0.50,-6,-0.75,230,28.75,86.50,175,21.88
525,Miguel Goderre,12,1,0.08,9,0.75,10,0.83,9,0.75,155,12.92,93.40,206,17.17
526,Paul Starkel,5,1,0.20,9,1.80,2,0.40,2,0.40,176,35.20,94.60,100,20.00
527,Phil Dougherty,5,1,0.20,1,0.20,0,0.00,2,0.40,12,2.40,100.00,71,14.20
528,Ryan Tucker,2,1,0.50,2,1.00,2,1.00,3,1.50,15,7.50,88.20,28,14.00
529,Trenton Spinks,9,1,0.11,5,0.56,2,0.22,8,0.89,57,6.33,100.00,120,13.33
530,Trey Katzenbach,1,1,1.00,0,0.00,0,0.00,1,1.00,15,15.00,100.00,9,9.00
531,Tristan Green,4,1,0.25,6,1.50,0,0.00,4,1.00,28,7.00,90.30,64,16.00
532,Von Alanguilan,1,1,1.00,0,0.00,0,0.00,1,1.00,1,1.00,100.00,12,12.00
533,William Kasprzycki,7,1,0.14,5,0.71,2,0.29,6,0.86,20,2.86,95.20,114,16.29
534,Ryan Lacy,4,1,0.25,0,0.00,1,0.25,2,0.50,6,1.50,100.00,32,8.00
535,Vikram Sethuraman,5,1,0.20,1,0.20,1,0.20,2,0.40,6,1.20,85.70,68,13.60
536,Alexandre Fall,5,1,0.20,0,0.00,3,0.60,4,0.80,10,2.00,100.00,58,11.60
537,Elliot Lee,5,1,0.20,2,0.40,0,0.00,-3,-0.60,121,24.20,95.30,69,13.80
538,Alexander Isik,6,1,0.17,0,0.00,0,0.00,-3,-0.50,31,5.17,91.20,58,9.67
539,Stephanie Lim,4,1,0.25,0,0.00,1,0.25,-3,-0.75,73,18.25,93.60,56,14.00
540,Aaron Shi,5,1,0.20,2,0.40,2,0.40,-2,-0.40,62,12.40,91.20,73,14.60
541,Brian Roach,8,1,0.13,4,0.50,2,0.25,4,0.50,22,2.75,88.00,91,11.38
542,Robert Yeagle,2,1,0.50,2,1.00,1,0.50,3,1.50,11,5.50,91.70,24,12.00
543,David Hammer,1,1,1.00,0,0.00,0,0.00,1,1.00,1,1.00,100.00,11,11.00
544,Ben Levinsky,6,1,0.17,1,0.17,1,0.17,0,0.00,23,3.83,92.00,92,15.33
545,Mike Campanella,5,1,0.20,1,0.20,2,0.40,3,0.60,8,1.60,88.90,74,14.80
546,Nicholas Dacquisto,3,1,0.33,0,0.00,2,0.67,2,0.67,5,1.67,83.30,62,20.67
547,Rami Paust,3,1,0.33,5,1.67,3,1.00,7,2.33,27,9.00,93.10,46,15.33
548,Kyle Dreger,1,1,1.00,0,0.00,0,0.00,1,1.00,6,6.00,100.00,10,10.00
549,Luke Marks,1,1,1.00,0,0.00,1,1.00,2,2.00,5,5.00,100.00,11,11.00
550,Christopher Miller,5,1,0.20,0,0.00,3,0.60,3,0.60,10,2.00,90.90,59,11.80
551,Brian Howard,2,1,0.50,0,0.00,0,0.00,1,0.50,2,1.00,100.00,17,8.50
552,Jesse White,1,1,1.00,0,0.00,0,0.00,1,1.00,6,6.00,100.00,13,13.00
553,Sam Gabrielson,2,1,0.50,0,0.00,0,0.00,0,0.00,12,6.00,92.30,24,12.00
554,Abe Gambert,7,1,0.14,0,0.00,4,0.57,2,0.29,37,5.29,92.50,71,10.14
555,Zachary Cotter,3,1,0.33,0,0.00,4,1.33,5,1.67,3,1.00,100.00,29,9.67
556,Daniel Bates,9,1,0.11,3,0.33,2,0.22,1,0.11,41,4.56,89.10,68,7.56
557,Shintaro Tsukamoto,5,1,0.20,1,0.20,1,0.20,2,0.40,5,1.00,83.30,36,7.20
558,James Baker Jr,2,1,0.50,1,0.50,0,0.00,-3,-1.50,16,8.00,76.20,38,19.00
559,Erich Phang-Lynn,10,1,0.10,1,0.10,0,0.00,-1,-0.10,24,2.40,88.90,91,9.10
560,Sam Feder,10,1,0.10,3,0.30,1,0.10,3,0.30,26,2.60,96.30,70,7.00
561,Tristan Yarter,8,1,0.13,3,0.38,3,0.38,4,0.50,24,3.00,88.90,74,9.25
562,Kris Harrison,5,1,0.20,1,0.20,3,0.60,4,0.80,10,2.00,100.00,53,10.60
563,Kenta Kawaguchi,5,1,0.20,0,0.00,2,0.40,2,0.40,3,0.60,75.00,44,8.80
564,Kyle Vezina,2,1,0.50,0,0.00,3,1.50,4,2.00,4,2.00,100.00,17,8.50
565,Danny Krug,3,1,0.33,1,0.33,1,0.33,2,0.67,3,1.00,100.00,36,12.00
566,Kevin Versteeg,7,1,0.14,0,0.00,6,0.86,2,0.29,15,2.14,83.30,92,13.14
567,Scott Hearne,4,1,0.25,2,0.50,3,0.75,5,1.25,23,5.75,95.80,50,12.50
568,John Holk,3,1,0.33,0,0.00,1,0.33,2,0.67,2,0.67,100.00,42,14.00
569,Zach Ormsby,4,1,0.25,0,0.00,0,0.00,1,0.25,7,1.75,100.00,46,11.50
570,Connor Boyle,3,1,0.33,8,2.67,1,0.33,2,0.67,92,30.67,92.00,62,20.67
571,Simon Walker,4,1,0.25,0,0.00,1,0.25,-1,-0.25,7,1.75,77.80,36,9.00
572,Justin Kinkead,2,0,0.00,0,0.00,0,0.00,0,0.00,3,1.50,100.00,14,7.00
573,Tron Bass,4,0,0.00,0,0.00,0,0.00,0,0.00,0,0.00,0.00,6,1.50
574,Jordan Ciccarone,4,0,0.00,1,0.25,0,0.00,-3,-0.75,28,7.00,90.30,47,11.75
575,Evan Valdes,2,0,0.00,0,0.00,0,0.00,0,0.00,0,0.00,0.00,14,7.00
576,Phil Chang,5,0,0.00,2,0.40,1,0.20,3,0.60,16,3.20,100.00,48,9.60
577,Karl Fauerbach,9,0,0.00,3,0.33,1,0.11,-7,-0.78,106,11.78,90.60,116,12.89
578,Drew Wilson,1,0,0.00,0,0.00,0,0.00,0,0.00,4,4.00,100.00,10,10.00
579,Charlie Eide,4,0,0.00,0,0.00,0,0.00,-1,-0.25,12,3.00,92.30,46,11.50
580,Steve May,1,0,0.00,0,0.00,0,0.00,0,0.00,0,0.00,0.00,7,7.00
581,Noriaki To,2,0,0.00,1,0.50,0,0.00,1,0.50,4,2.00,100.00,13,6.50
582,Shashank Alladi,4,0,0.00,3,0.75,1,0.25,-3,-0.75,32,8.00,84.20,67,16.75
583,Alex Liu,5,0,0.00,1,0.20,0,0.00,-3,-0.60,6,1.20,66.70,40,8.00
584,Jordan Perry,4,0,0.00,6,1.50,2,0.50,7,1.75,39,9.75,97.50,59,14.75
585,Noah Chambers,3,0,0.00,0,0.00,3,1.00,0,0.00,15,5.00,83.30,37,12.33
586,Eric Hytönen,1,0,0.00,1,1.00,0,0.00,0,0.00,4,4.00,80.00,9,9.00
587,Joey Huppert,3,0,0.00,0,0.00,1,0.33,0,0.00,2,0.67,66.70,17,5.67
588,Andrew Cohen,4,0,0.00,4,1.00,0,0.00,-1,-0.25,89,22.25,94.70,60,15.00
589,Mitchell DeNooyer,4,0,0.00,1,0.25,0,0.00,0,0.00,5,1.25,83.30,41,10.25
590,Zakarie Massi,3,0,0.00,3,1.00,0,0.00,2,0.67,6,2.00,100.00,30,10.00
591,Henry Rodriguez,1,0,0.00,0,0.00,2,2.00,1,1.00,3,3.00,75.00,15,15.00
592,Estéban Ceballos,10,0,0.00,2,0.20,5,0.50,0,0.00,32,3.20,84.20,131,13.10
593,Nathan Bussberg,1,0,0.00,0,0.00,0,0.00,0,0.00,2,2.00,100.00,8,8.00
594,Sam Batson,8,0,0.00,4,0.50,3,0.38,4,0.50,24,3.00,88.90,67,8.38
595,Zubair Abdulla,4,0,0.00,0,0.00,0,0.00,0,0.00,2,0.50,100.00,19,4.75
596,Zac Merie,1,0,0.00,0,0.00,0,0.00,0,0.00,0,0.00,0.00,5,5.00
597,Xtehn Titcomb,4,0,0.00,1,0.25,0,0.00,-1,-0.25,13,3.25,86.70,43,10.75
598,Wasdi Grimaldo,3,0,0.00,0,0.00,2,0.67,1,0.33,1,0.33,50.00,22,7.33
599,Tyler DeGirolamo,2,0,0.00,3,1.50,2,1.00,3,1.50,35,17.50,97.20,34,17.00
600,Tony Poletto,1,0,0.00,2,2.00,1,1.00,-1,-1.00,18,18.00,85.70,15,15.00
601,Bryan Kuo,5,0,0.00,1,0.20,3,0.60,3,0.60,13,2.60,92.90,46,9.20
602,Stève Bonneau,8,0,0.00,27,3.38,1,0.13,15,1.88,227,28.38,95.00,140,17.50
603,Stephen Poulos,5,0,0.00,2,0.40,0,0.00,-7,-1.40,35,7.00,83.30,55,11.00
604,Anders Olsen,3,0,0.00,1,0.33,1,0.33,0,0.00,31,10.33,93.90,45,15.00
605,Wyatt Berreman,1,0,0.00,0,0.00,1,1.00,1,1.00,0,0.00,0.00,8,8.00
606,Alex Bullock,5,0,0.00,2,0.40,1,0.20,-3,-0.60,26,5.20,86.70,37,7.40
607,Kyle  Dew,1,0,0.00,0,0.00,0,0.00,0,0.00,1,1.00,100.00,9,9.00
608,Chad McCausland,6,0,0.00,0,0.00,0,0.00,-2,-0.33,8,1.33,100.00,48,8.00
609,Barrett Wachholz,2,0,0.00,4,2.00,1,0.50,1,0.50,15,7.50,88.20,30,15.00
610,Jonathan Lee,6,0,0.00,0,0.00,0,0.00,-6,-1.00,29,4.83,82.90,50,8.33
611,Scott Xu,4,0,0.00,7,1.75,1,0.25,-2,-0.50,40,10.00,81.60,71,17.75
612,Ryan Saffa,3,0,0.00,0,0.00,2,0.67,2,0.67,5,1.67,100.00,27,9.00
613,Neil Proefrock,2,0,0.00,0,0.00,0,0.00,0,0.00,3,1.50,100.00,5,2.50
614,Peter Mancini,5,0,0.00,0,0.00,0,0.00,-2,-0.40,5,1.00,100.00,47,9.40
615,Dennis Maclaine,3,0,0.00,0,0.00,0,0.00,-1,-0.33,1,0.33,50.00,22,7.33
616,Jacob Komenda,2,0,0.00,0,0.00,1,0.50,1,0.50,2,1.00,100.00,30,15.00
617,Sam Brecker,2,0,0.00,0,0.00,0,0.00,0,0.00,1,0.50,100.00,7,3.50
618,Jeffery Minowa,2,0,0.00,0,0.00,0,0.00,-1,-0.50,3,1.50,75.00,23,11.50
619,Pat Cashman,5,0,0.00,2,0.40,1,0.20,3,0.60,8,1.60,100.00,32,6.40
620,Jay Boyle,2,0,0.00,1,0.50,0,0.00,1,0.50,8,4.00,100.00,20,10.00
621,Michael Dehnbostel,2,0,0.00,0,0.00,1,0.50,1,0.50,1,0.50,100.00,14,7.00
622,Matthew Knowles,7,0,0.00,13,1.86,0,0.00,7,1.00,117,16.71,95.10,108,15.43
623,Matt Auletta,11,0,0.00,4,0.36,0,0.00,-1,-0.09,34,3.09,89.50,110,10.00
624,Mark Lin,2,0,0.00,1,0.50,0,0.00,-2,-1.00,20,10.00,90.90,35,17.50
625,Lars Hanselman,1,0,0.00,0,0.00,0,0.00,-1,-1.00,7,7.00,87.50,10,10.00
626,Kyle Cox,11,0,0.00,4,0.36,3,0.27,-5,-0.45,117,10.64,91.40,143,13.00
627,Kurt Gibson,1,0,0.00,0,0.00,0,0.00,-2,-2.00,7,7.00,87.50,17,17.00
628,Josh Beaulieu,10,0,0.00,1,0.10,1,0.10,-1,-0.10,15,1.50,83.30,81,8.10
629,Coleman Tappero,1,0,0.00,0,0.00,0,0.00,0,0.00,7,7.00,100.00,17,17.00
630,Jonathan Nethercutt,2,0,0.00,10,5.00,2,1.00,11,5.50,50,25.00,98.00,53,26.50
631,Zach Grappone,1,0,0.00,0,0.00,0,0.00,-1,-1.00,0,0.00,0.00,4,4.00
632,BJ Barrett,3,0,0.00,0,0.00,0,0.00,0,0.00,0,0.00,0.00,4,1.33
633,Joe Ouellette,2,0,0.00,0,0.00,0,0.00,-1,-0.50,3,1.50,75.00,19,9.50
634,Jesse Bolton,4,0,0.00,3,0.75,3,0.75,2,0.50,30,7.50,90.90,60,15.00
635,Jason Tschida,1,0,0.00,3,3.00,2,2.00,-1,-1.00,31,31.00,86.10,15,15.00
636,Jacques Perivier,4,0,0.00,1,0.25,1,0.25,-1,-0.25,32,8.00,91.40,51,12.75
637,Heath Kalaba,3,0,0.00,1,0.33,2,0.67,2,0.67,13,4.33,92.90,25,8.33
638,Ethan Rasmussen,2,0,0.00,3,1.50,2,1.00,5,2.50,15,7.50,100.00,31,15.50
639,Dustin Hughes,6,0,0.00,0,0.00,1,0.17,0,0.00,16,2.67,100.00,69,11.50
640,David Woods,5,0,0.00,1,0.20,0,0.00,0,0.00,12,2.40,92.30,36,7.20
641,Patrick Diviney,2,0,0.00,0,0.00,0,0.00,-1,-0.50,0,0.00,0.00,13,6.50
642,Ashton Hoffman,7,0,0.00,4,0.57,1,0.14,4,0.57,22,3.14,95.70,42,6.00
643,David Baer,3,0,0.00,2,0.67,1,0.33,1,0.33,30,10.00,93.80,44,14.67
644,Josh Poterack,2,0,0.00,0,0.00,2,1.00,2,1.00,4,2.00,100.00,22,11.00
645,Robert Hunt,1,0,0.00,0,0.00,0,0.00,0,0.00,1,1.00,100.00,10,10.00
646,Colton Steiner,4,0,0.00,0,0.00,0,0.00,0,0.00,9,2.25,100.00,38,9.50
647,Colin Froats,6,0,0.00,0,0.00,0,0.00,0,0.00,10,1.67,100.00,42,7.00
648,Jeff Holm,3,0,0.00,2,0.67,0,0.00,1,0.33,13,4.33,92.90,49,16.33
649,Cole Jensen,1,0,0.00,0,0.00,0,0.00,-1,-1.00,0,0.00,0.00,14,14.00
650,Chase Cunningham,1,0,0.00,2,2.00,0,0.00,2,2.00,8,8.00,100.00,9,9.00
651,Casey Hogg,2,0,0.00,2,1.00,1,0.50,3,1.50,8,4.00,100.00,27,13.50
652,Will Frolich,1,0,0.00,0,0.00,0,0.00,-1,-1.00,0,0.00,0.00,11,11.00
653,John Boezi,5,0,0.00,0,0.00,0,0.00,0,0.00,2,0.40,100.00,14,2.80
654,Bryce Ring,11,0,0.00,1,0.09,2,0.18,-4,-0.36,74,6.73,91.40,105,9.55
655,William Johnson,1,0,0.00,0,0.00,0,0.00,-1,-1.00,13,13.00,92.90,13,13.00
656,Bryan Yue,9,0,0.00,0,0.00,3,0.33,0,0.00,27,3.00,93.10,72,8.00
657,Brenton Hard,4,0,0.00,0,0.00,0,0.00,-2,-0.50,13,3.25,92.90,26,6.50
658,Anish Indhupuru,2,0,0.00,0,0.00,0,0.00,0,0.00,3,1.50,100.00,12,6.00
659,Donald Robinson,2,0,0.00,0,0.00,1,0.50,1,0.50,1,0.50,100.00,19,9.50
660,Brandon Perales,5,0,0.00,3,0.60,2,0.40,-2,-0.40,55,11.00,90.20,52,10.40
661,Brandon Dial,7,0,0.00,3,0.43,2,0.29,1,0.14,19,2.71,90.50,72,10.29
662,Ben Feldman,1,0,0.00,0,0.00,0,0.00,-1,-1.00,3,3.00,75.00,3,3.00
663,Eric Witmer,4,0,0.00,0,0.00,2,0.50,2,0.50,5,1.25,100.00,37,9.25
664,Andrew Kohl,4,0,0.00,1,0.25,1,0.25,2,0.50,21,5.25,100.00,53,13.25
665,Hayden Austin-Knab,1,0,0.00,1,1.00,0,0.00,1,1.00,7,7.00,100.00,14,14.00
666,Derek Fan,4,0,0.00,1,0.25,0,0.00,0,0.00,14,3.50,93.30,47,11.75
667,Jonathan Costello,1,0,0.00,2,2.00,1,1.00,3,3.00,4,4.00,100.00,13,13.00
668,Brian Street,7,0,0.00,1,0.14,0,0.00,0,0.00,10,1.43,90.90,30,4.29
669,Jordan Faries,1,0,0.00,0,0.00,0,0.00,-1,-1.00,0,0.00,0.00,12,12.00
670,Ben Pavelka,3,0,0.00,1,0.33,0,0.00,0,0.00,23,7.67,95.80,27,9.00
671,Andrew Gardner,2,0,0.00,0,0.00,1,0.50,1,0.50,2,1.00,100.00,15,7.50
672,Francisco Gomez,6,0,0.00,1,0.17,3,0.50,2,0.33,7,1.17,87.50,69,11.50
673,AJ Humbert,1,0,0.00,0,0.00,0,0.00,-1,-1.00,2,2.00,66.70,17,17.00
674,Reggie Sung,7,0,0.00,0,0.00,0,0.00,-2,-0.29,12,1.71,85.70,61,8.71
675,Bailey Wu,11,0,0.00,3,0.27,5,0.45,7,0.64,23,2.09,100.00,106,9.64
676,Austin Walker,5,0,0.00,3,0.60,2,0.40,1,0.20,23,4.60,85.20,61,12.20
677,David Nester,1,0,0.00,1,1.00,1,1.00,2,2.00,2,2.00,100.00,16,16.00
678,Troy Roberts,2,0,0.00,1,0.50,1,0.50,1,0.50,3,1.50,75.00,17,8.50
679,Dylan Smith,3,0,0.00,0,0.00,1,0.33,0,0.00,11,3.67,91.70,31,10.33
680,Thomas Anderson,1,0,0.00,0,0.00,0,0.00,0,0.00,0,0.00,0.00,15,15.00
