,Team,Player
0,hustle,Sam Batson
1,hustle,Sun Choi
2,hustle,Karl Ekwurtzel
3,hustle,Brett Hulsmeyer
4,hustle,Elijah Jaime
5,hustle,Matthew Knowles
6,hustle,Paul Lally
7,hustle,Will Lindquist
8,hustle,Mac McClellan
9,hustle,Taylor Minch
10,hustle,Javier Ortiz
11,hustle,Player Pierce
12,hustle,Devon Rogers
13,hustle,Matt Smith
14,hustle,Trenton Spinks
15,hustle,Austin Taylor
16,hustle,Alex Trautman
17,hustle,Josh Turner
18,hustle,Kelvin Williams
19,hustle,Joel Wooten
20,sol,Matthew Bennett
21,sol,Michael Cramer
22,sol,Chase Cunningham
23,sol,Brandon Dial
24,sol,Brian Gfroerer
25,sol,Kyle Henke
26,sol,Jason Holleran
27,sol,CarterHollo
28,sol,Robert Lewis
29,sol,Jeff Loskorn
30,sol,Wuensch Mason
31,sol,Michael Matthis
32,sol,Rory Orloff
33,sol,Ryan Purcell
34,sol,Doug Richardson
35,sol,Andrew Walch
36,sol,John Walter
37,sol,Jerrod Wolfe
38,sol,Joshua Zdrodowski
39,sol,Jimmy Zuraw
40,roughnecks,Matthew Armour
41,roughnecks,Noah Chambers
42,roughnecks,Joel Clutton
43,roughnecks,Abe Coffin
44,roughnecks,Dan Emmons
45,roughnecks,Jay Froude
46,roughnecks,Henry Furuta
47,roughnecks,Dillon Larberg
48,roughnecks,Ben Lewis
49,roughnecks,Brandon Malecek
50,roughnecks,Zach Marbach
51,roughnecks,Kai Marshall
52,roughnecks,Kaplan Maurer
53,roughnecks,Griffin Miller
54,roughnecks,Connor Olson
55,roughnecks,Stephen Poulos
56,roughnecks,Jake Reinhardt
57,roughnecks,Thomas Slack
58,roughnecks,Dalton Smith
59,roughnecks,Carson Wilder
60,aviators,Tyler Bacon
61,aviators,Tim Beatty
62,aviators,Kyle Conniff
63,aviators,Alex Drum
64,aviators,Collin Gall
65,aviators,Joc Jimenez
66,aviators,Michael Kiyoi
67,aviators,Ryan Lepore
68,aviators,Eric Lissner
69,aviators,Sean McDougall
70,aviators,Sam Plasman
71,aviators,Nate Ransom
72,aviators,Garrett Santi
73,aviators,Zac Schakner
74,aviators,Jeff Silverman
75,aviators,Ryan Smith
76,aviators,Mitchell Steiner
77,aviators,Zachary Theodore
78,aviators,Matt Theologidy
79,aviators,Aaron Weaver
80,flyers,Kiron Allen
81,flyers,Jacob Fairfax
82,flyers,Henry Fisher
83,flyers,Mischa Freystaetter
84,flyers,Josh Hartzog
85,flyers,JD Hastings
86,flyers,Allan Laviolette
87,flyers,Johnnie Lynch
88,flyers,Tim McAllister
89,flyers,Andrew McKelvey
90,flyers,Terrence Mitchell
91,flyers,Jacob Mouw
92,flyers,Charlie Muniz
93,flyers,Jeff Nordgren
94,flyers,Jakeem Polk
95,flyers,David Richardson
96,flyers,Noah Saul
97,flyers,Eric Taylor
98,flyers,Ross Ward
99,flyers,Sol Yanuck
100,growlers,Nathan Bridges
101,growlers,Travis Dunn
102,growlers,Sam Fontaine
103,growlers,Wesley Groth
104,growlers,Jake Gutkowski
105,growlers,Sean Ham
106,growlers,Jonathan Helton
107,growlers,Maxwell Hume
108,growlers,Andrew Kohl
109,growlers,Joshua Kohl
110,growlers,Mark (Dom) Leggio
111,growlers,Steven Milardovich
112,growlers,Marcel Osborne
113,growlers,Trevor Purdy
114,growlers,Scott Radlauer
115,growlers,Ryo Senda
116,growlers,Mark Slader
117,growlers,Michael Tran
118,growlers,William Turner
119,growlers,Bailey Wu
120,spiders,Chuck Cao
121,spiders,Steven Chang
122,spiders,Matt Crawford
123,spiders,Antoine Davis
124,spiders,Ethan Falat
125,spiders,Brandon Fein
126,spiders,Lior Givol
127,spiders,Jacob Greenberg
128,spiders,Keenan Laurence
129,spiders,Ben Levinsky
130,spiders,Justin Norden
131,spiders,Alex Pan
132,spiders,Mark Philipson
133,spiders,Brian Roach
134,spiders,Marcelo Sanchez
135,spiders,Earley Shane
136,spiders,Jackson Stearns
137,spiders,Gabe Taylor
138,spiders,Munis Thahir
139,spiders,Robert Yeagle
140,cascades,Jesse Bolton
141,cascades,Jay Boychuk
142,cascades,Jack Brown
143,cascades,Mark Burton
144,cascades,Dennis Casio
145,cascades,Zhi Chen
146,cascades,William Coffin
147,cascades,Charlie Eide
148,cascades,Khalif El-Salaam
149,cascades,Kahyee Fong
150,cascades,Peter Geertz-Larson
151,cascades,Brad Houser
152,cascades,Thomas Lassetter
153,cascades,Steph Lim
154,cascades,Nick Mahan
155,cascades,Marc Munoz
156,cascades,Henry Phan
157,cascades,Kodi Smart
158,cascades,Keegan Taggart
159,cascades,Shane Worthington
160,cannons,Craig Anderson
161,cannons,Alex Bullock
162,cannons,Adam Carr
163,cannons,Ryan Chard
164,cannons,Jacob Clary
165,cannons,James Franklin
166,cannons,Ryan Hiser
167,cannons,Jack Kern
168,cannons,Josh Layton
169,cannons,Tim Lootens
170,cannons,Billy O'Bryan
171,cannons,Unmil Patel
172,cannons,Bobby Patterson
173,cannons,Brandon Perales
174,cannons,Tanner Repasky
175,cannons,Andrew Roney
176,cannons,Bradley Seuntjens
177,cannons,Dustin Travaglini
178,cannons,Adam Vinson
179,cannons,Hayden Wachob
180,hustle,Zach Avello
181,hustle,Josh Bush
182,hustle,Jason Crowe
183,hustle,Christian Olsen
184,hustle,Carter Rae
185,sol,Mitch Bennett
186,sol,Matt Bierschenk
187,sol,Eric Brodbeck
188,sol,John Cecil
189,sol,Ethan Pollack
190,sol,Austin Walker
191,sol,Mason Wuensch
192,roughnecks,Alex Brouwer
193,roughnecks,Abe Gambert
194,roughnecks,Matt Jackson
195,roughnecks,Wesley Miaw
196,roughnecks,Connor Ughetta
197,roughnecks,Sam Ward
198,breeze,Jarrod Banks
199,breeze,Quinn Bergeron
200,breeze,David Bloodgood
201,breeze,Jay Boyle
202,breeze,Garrett Braun
203,breeze,Max Cassell
204,breeze,Matt Cullom
205,breeze,Kristopher Harrison
206,breeze,Cody Johnston
207,breeze,Xavier Maxstadt
208,breeze,Matthew McDonnell
209,breeze,Anthony McLean
210,breeze,Ray Mendoza
211,breeze,AJ Merriman
212,breeze,Matt Neeley
213,breeze,Houston Parks
214,breeze,Nathan Prior
215,breeze,David Shields
216,breeze,Kyle Vezina
217,breeze,Dane Warner
218,alleycats,Cameron Brock
219,alleycats,Peter Carleton
220,alleycats,Travis Carpenter
221,alleycats,Kyle Cox
222,alleycats,Sam Ellison
223,alleycats,Rick Gross
224,alleycats,Alex Henderson
225,alleycats,Conner Henderson
226,alleycats,David Hortemiller
227,alleycats,Dusty Hughes
228,alleycats,Nick Hutton
229,alleycats,Levi Jacobs
230,alleycats,Heath Kalaba
231,alleycats,Spencer Loscar
232,alleycats,Brett Matzuka
233,alleycats,Chris Miller
234,alleycats,Keegan North
235,alleycats,Keenan Plew
236,alleycats,Colin Ringwood
237,alleycats,Donovan Triplett
238,aviators,Xavier Charles
239,aviators,Nate Kirchhofer
240,aviators,Danny Landesman
241,aviators,Zachary Schakner
242,aviators,Zachary Theordore
243,aviators,Evan Valdez
244,aviators,Aarom Weaver
245,radicals,Nate Bosscher
246,radicals,Kevin Brown
247,radicals,Colin Camp
248,radicals,Thomas Coolidge
249,radicals,Colin Grandon
250,radicals,Avery Johnson
251,radicals,Sterling Knoche
252,radicals,Michael Kobyra
253,radicals,Victor Luo
254,radicals,Chase Marty
255,radicals,Andrew Meshnick
256,radicals,Ben Nelson
257,radicals,Kevin Pettit-Scantling
258,radicals,Logan Pruess
259,radicals,Brett Robinson
260,radicals,Pat Shriwise
261,radicals,Daniel Vockeroth
262,radicals,Chris Wilen
263,radicals,Joshua Wilson
264,radicals,Dave Wiseman
265,empire,Albert Alarcon
266,empire,Josue Alorro
267,empire,Matthew Auletta
268,empire,Jeff Babbitt
269,empire,Ryan Brown
270,empire,Marques Brownlee
271,empire,Mike Drost
272,empire,Ryan Drost
273,empire,Harper Garvey
274,empire,Alex Isik
275,empire,Ben Jagt
276,empire,Ben Katz
277,empire,Beau Kittredge
278,empire,Conor Kline
279,empire,Matt Lemar
280,empire,Grant Lindsley
281,empire,TJ Stanton
282,empire,Matthew Stevens
283,empire,Matthew Weintraub
284,empire,Jack Williams
285,flyers,Justin Allen
286,flyers,Chuck Cantone
287,flyers,Andrew Cohen
288,flyers,Kamron Daftari
289,flyers,Tristan Green
290,flyers,Vikram Sethuraman
291,growlers,Aidan Hall
292,growlers,Joseph Huppert
293,growlers,David Ritchie
294,growlers,Kyle Rubin
295,growlers,Kyle Smith
296,growlers,Reggie Sung
297,spiders,Shane Earley
298,spiders,Cyrus Ready Campbell
299,spiders,Aaron Shi
300,spiders,Skylohr Taylor
301,hustle,Zack Avello
302,hustle,Phillip Dougherty
303,hustle,Jaime Perez
304,sol,Zach Cotter
305,sol,Carter Hollo
306,sol,Keivaun Waugh
307,wildfire,Ross Barker
308,wildfire,Jeremy Burril
309,wildfire,Tommy Gallagher
310,wildfire,Brenton Hard
311,wildfire,Pawel Janas
312,wildfire,Jesse Johnson
313,wildfire,Karl Kingma
314,wildfire,David Meinecke
315,wildfire,Danny Miller
316,wildfire,Zane Rankin
317,wildfire,Matt Rehder
318,wildfire,Alex Rummelhart
319,wildfire,Jack Shanahan
320,wildfire,Drew Swanson
321,wildfire,Jimmy Sykora
322,wildfire,Cal Tornabene
323,wildfire,Seth Weaver
324,wildfire,Jeff Weis
325,wildfire,Dave Woods
326,wildfire,Nick Zeman
327,roughnecks,Ben Rogers
328,breeze,Alex Liu
329,breeze,Kevin Versteeg
330,mechanix,Kevin Anthony
331,mechanix,James Baker Jr.
332,mechanix,Joshua Beaulieu
333,mechanix,Alexander Bertoia
334,mechanix,Benjamin Cheer
335,mechanix,Kevin Coulter
336,mechanix,Joseph Cubitt
337,mechanix,Mitchell DeNooyer
338,mechanix,Karl Fauerbach
339,mechanix,Wasdi Grimaldo B.
340,mechanix,Ashton Hoffman
341,mechanix,David Innis
342,mechanix,Austin Johnson
343,mechanix,Jordan Kinde
344,mechanix,Justin Perticone
345,mechanix,Troy Roberts
346,mechanix,Joe Rogers
347,mechanix,Jeffery Schubert
348,mechanix,Andrew Sjogren
349,mechanix,Mark Whitton
350,alleycats,Jacob Fella
351,alleycats,John Jones
352,alleycats,Jeremy Keusch
353,alleycats,Zach Zebarth
354,aviators,Ian Ladner
355,aviators,Wayne Lu
356,radicals,Tarik Akyuz
357,radicals,Tom Annen
358,radicals,Peter Graffy
359,radicals,Seth Meyer
360,radicals,Dylan Power
361,windchill,Daniel Bates
362,windchill,Cameron Burden
363,windchill,Dylan DeClerck
364,windchill,Jesse Greenberg
365,windchill,Tate Halberg
366,windchill,Kristian Johnson
367,windchill,Michael Jordan
368,windchill,James Kittlesen
369,windchill,Josh Klane
370,windchill,Mathew Ladyman
371,windchill,Isaac Leonard
372,windchill,Brandon Matis
373,windchill,Brendan McCann
374,windchill,Mitchell McCarthy
375,windchill,Grayson Pangburn
376,windchill,Alan Scarth
377,windchill,Quinn Snider
378,windchill,Jordan Taylor
379,windchill,Bryan Vohnoutka
380,windchill,Ryan Welch
381,phoenix,Mike Arcata
382,phoenix,David Baer
383,phoenix,Matt Ballman
384,phoenix,Mike Campanella
385,phoenix,Dustin Damiano
386,phoenix,Patrick Diviney
387,phoenix,Brice Dunn
388,phoenix,Matt Esser
389,phoenix,Ethan Fortin
390,phoenix,Trey Katzenbach
391,phoenix,Austin Lillis
392,phoenix,Himalaya Mehta
393,phoenix,Sean Mott
394,phoenix,Nick Patel
395,phoenix,Ethan Peck
396,phoenix,James Pollard
397,phoenix,Zac Sands
398,phoenix,Marc Sands
399,phoenix,Billy Sickles
400,phoenix,Ryan Weaver
401,thunderbirds,Dylan Best
402,thunderbirds,Adam Burgess
403,thunderbirds,John Buss
404,thunderbirds,Marquis Cofer
405,thunderbirds,Thomas Edmonds
406,thunderbirds,Mark Fedorenko
407,thunderbirds,Chris Graber
408,thunderbirds,Robert Halvorsen
409,thunderbirds,Justin Kinkead
410,thunderbirds,Jon Mast
411,thunderbirds,Steve May
412,thunderbirds,Pat McMullen
413,thunderbirds,Dayne Meyer
414,thunderbirds,Steve Mogielski
415,thunderbirds,Anson Reppermund
416,thunderbirds,Max Sheppard
417,thunderbirds,Alex Thomas
418,thunderbirds,Jimmy Towle
419,thunderbirds,David Vatz
420,thunderbirds,Owen Watt
421,growlers,Tim Okita
422,spiders,Nick Murphy
423,spiders,Kevin Tien
424,cascades,Bryson Fox
425,cascades,Xtehn Frame
426,cascades,Wally Kasprzycki
427,cascades,Charlie Mercer
428,cascades,June Rapisura
429,cascades,Zach Sabin
430,cascades,Ryan Segal
431,cannons,Brandon Allen
432,cannons,Jack Barrow
433,cannons,Larz Hanselman
434,cannons,Jacob Lane
435,cannons,Josh McKisic
436,cannons,Javier Yañez
437,hustle,Christian Gaeta
438,mechanix,Dex Dremann
439,mechanix,Ed Fox
440,mechanix,Tyler Hebert
441,mechanix,Jonathan Lee
442,mechanix,Kevin Nicholl
443,mechanix,Neil Proefrock
444,mechanix,Austin Riegel
445,mechanix,Sam Sincere
446,alleycats,Nathan Bussberg
447,alleycats,Terry Gaither
448,alleycats,Nathan Hershberger
449,alleycats,Jesse Jenkins
450,alleycats,Shawn Owen
451,alleycats,Colton Steiner
452,aviators,Nate Kirchoffer
453,aviators,Crash Lepore
454,aviators,Andrew Padula
455,aviators,Zach Theodore
456,windchill,Saurav Dubey
457,windchill,Drew Otterlei
458,windchill,Ethan Rasmussen
459,royal,André Arsenault
460,royal,Malik Auger-Semmar
461,royal,Philippe Bisson
462,royal,Quentin Bonnaud
463,royal,Stève Bonneau
464,royal,Mathieu Bosser
465,royal,Jakob Brissette
466,royal,Estéban Ceballos
467,royal,Simon Charette
468,royal,Laurent Faye
469,royal,Vincent Gamache
470,royal,Miguel Goderre
471,royal,Kevin Groulx
472,royal,Vincent Lemieux
473,royal,Gabriel Monfette
474,royal,Sacha Poitte- Sokolsky
475,royal,Kevin Quinlan
476,royal,Quentin Roger
477,royal,Jacob Saunders
478,royal,Christophe Tremblay Joncas
479,empire,Matthew Lemar
480,empire,Jibran Mieser
481,outlaws,Derek Alexander
482,outlaws,Ken Alexander
483,outlaws,Alec Arsenault
484,outlaws,Geoff Bevan
485,outlaws,Nick Boucher
486,outlaws,Kyle Cantal
487,outlaws,David Colic
488,outlaws,Greg Ellis
489,outlaws,Jon Hallett
490,outlaws,Jeremy Hill
491,outlaws,Jeff Lindquist
492,outlaws,Karl Loiseau
493,outlaws,Paul Mensah
494,outlaws,Matt O'Brien
495,outlaws,Adam O'Donnell
496,outlaws,Andrew Ouchterlony
497,outlaws,Erich Phang-Lyn
498,outlaws,Paul Renaud
499,outlaws,Braedan Robinson
500,outlaws,Carson Turner
501,phoenix,Shashank Alladi
502,phoenix,Peter Burt
503,phoenix,Evan Karson
504,phoenix,Colin Masino
505,phoenix,Eric Nardelli
506,phoenix,Scott Xu
507,thunderbirds,Kenny Furdella
508,thunderbirds,Nick Gigliotti
509,thunderbirds,Jack Hefferon
510,thunderbirds,Sam VanDusen
511,flyers,Tanner Barcus
512,flyers,Joey Cretella
513,flyers,Sam Gabrielson
514,flyers,Jordan Perry
515,flyers,Grayson Sanner
516,flyers,Shane Sisco
517,growlers,Hall Aidan
518,growlers,Ritchie David
519,growlers,Helton Jonathan
520,growlers,Rubin Kyle
521,growlers,Slader Mark
522,growlers,Leggio Mark (Dom)
523,growlers,Hume Maxwell
524,growlers,Tran Michael
525,growlers,Dehnbostel Mike
526,growlers,Bridges Nathan
527,growlers,Sung Reggie
528,growlers,Senda Ryo
529,growlers,Fontaine Sam
530,growlers,Radlauer Scott
531,growlers,Milardovich Steven
532,growlers,Okita Tim
533,growlers,Dunn Travis
534,growlers,Purdy Trevor
535,growlers,Groth Wesley
536,growlers,Turner William
537,cascades,Alex Duffel
538,rush,Connor Armstrong
539,rush,Andrew Carroll
540,rush,Scott Graham
541,rush,Cameron Harris
542,rush,Jacky Hau
543,rush,Nathan Hirst
544,rush,Jason Huynh
545,rush,Jason Lam
546,rush,Iain Mackenzie
547,rush,Isaiah Masek-Kelly
548,rush,Thomson McKnight
549,rush,Jerry Meron
550,rush,Akifumi Muraoka
551,rush,Jeremy Norden
552,rush,Remi Ojo
553,rush,Geoff Powell
554,rush,Ben Pries
555,rush,Bretton Tan
556,rush,Phil Turner
557,rush,Marijo Zlatic
558,hustle,Hayden Austin-Knabb
559,hustle,Hulsmeyer Brett
560,hustle,Phil Dougherty
561,hustle,Coleman Tappero
562,sol,Reese Bowman
563,sol,Elliott Moore
564,wildfire,Von Alanguilan
565,wildfire,Tim Fergus
566,wildfire,Charlie Furse
567,wildfire,Michael Pardo
568,wildfire,Jason Vallee
569,wildfire,Jesse White
570,breeze,Peter Mancini
571,breeze,Zach Norrbom
572,breeze,Leo Pierson
573,breeze,Joe Richards
574,breeze,Jeff Wodatch
575,mechanix,Jimmy Baker Jr
576,mechanix,Joey Cari
577,mechanix,Ben Cheer
578,mechanix,Joe Cubitt
579,mechanix,Josh Osinski
580,mechanix,Tyler Postema
581,mechanix,Jeff Schubert
582,alleycats,Aaron Weaver
583,windchill,Scott Hearne
584,windchill,Josh Poterack
585,royal,Nabil Chaouch
586,outlaws,Colin Froats
587,outlaws,Chad McCausland
588,outlaws,Shintaro Tsukamoto
589,outlaws,Simon Walker
590,outlaws,Ryan Wallace
591,phoenix,Stuart Hean
592,phoenix,Greg Martin
593,thunderbirds,Jordan Robarge
594,flyers,Jonathan Nethercutt
595,growlers,Jesse Cohen
596,spiders,Mike Becich
597,spiders,Berreman Wyatt
598,cascades,Will Coffin
599,cascades,John Quandt
600,rush,Kevin Jay
601,rush,Mike Mackenzie
602,rush,Bryan Yue
603,hustle,Will Johnson
604,hustle,Jeffery Minowa
605,sol,Matt Bennett
606,sol,Bob Lewis
607,sol,Corey Mika
608,sol,Elliot Moore
609,sol,Mick Walter
610,sol,Josh Zdrodowski
611,wildfire,Zubair Abdulla
612,wildfire,Joey Kennedy
613,wildfire,Judah Newman
614,wildfire,CJ O'Brien
615,roughnecks,Gabe Hernandez
616,roughnecks,Chris Larberg
617,roughnecks,Zach Riggins
618,breeze,Sam Brecker
619,breeze,Jeremy Knopf
620,breeze,Dennis Maclaine
621,aviators,Jacob Bartholomew
622,aviators,Timmy Beatty
623,aviators,Calvin Brown
624,aviators,KJ Koo
625,aviators,Sean MCDougall
626,windchill,Patrick Cashman
627,windchill,Alex Jirele
628,empire,Jagt Benjamin
629,empire,Mieser Jibran
630,empire,Elliot Lee
631,outlaws,Tait Becke
632,outlaws,Erik Hunter
633,outlaws,Bryce Ring
634,thunderbirds,Eike Cramer
635,thunderbirds,Tyler DeGirolamo
636,growlers,Mike Dehnbostel
637,growlers,Ryan Lacy
638,spiders,Wyatt Berreman
639,spiders,Jace Bruner
640,spiders,Alexander Morris
641,spiders,Glenn Wysen
642,cascades,Sam Cook
643,cascades,Henry Schneider
644,cannons,Kellen Gray
645,cannons,Matthew Hankin
646,cannons,Nathan Vickroy
647,rush,Luc Comire
648,rush,Dan Lafrance
649,rush,Wilkie Lewis
650,rush,Adrian Yearwood
651,hustle,Daniel Sperling
652,sol,Mutahir Ahmad
653,sol,Derek Fan
654,sol,Keiuvan Waugh
655,wildfire,Michael Egan
656,wildfire,Jeff Holm
657,breeze,Kenta Kawaguchi
658,breeze,Daniel Krug
659,mechanix,Josh Beaulieu
660,mechanix,Alex Bertoia
661,mechanix,Nathan Champoux
662,aviators,Jake Baumer
663,radicals,Kyle Weigand
664,windchill,Jason Tschida
665,empire,Benjamin Jagt
666,phoenix,Dave Baer
667,phoenix,Francisco Gomez
668,phoenix,Allan Michel
669,thunderbirds,Buss John
670,flyers,Bobby Ley
671,growlers,Dom Leggio
672,spiders,Phil Chang
673,spiders,Chris Hocutt
674,spiders,Sean Hyslop
675,spiders,Zach Ormsby
676,spiders,Alex Pien
677,spiders,Joe Thompson
678,spiders,Xinran Wang
679,cannons,Matteo Focchi
680,rush,Kieran Charnock
681,rush,Barrett Wachholz
682,rush,Drew Wilson
683,hustle,Clark Missildine
684,sol,Paul Starkel
685,wildfire,Brad Bolliger
686,roughnecks,Jonathan Costello
687,roughnecks,Kevin Richardson
688,breeze,Alexandre Fall
689,mechanix,Mitch DeNooyer
690,windchill,Nicholas Dacquisto
691,windchill,Benjamin Feldman
692,windchill,Cole Jensen
693,windchill,Zac Merie
694,empire,Matthew Wieintraub
695,outlaws,Jonah Munoz
696,thunderbirds,Jasper Tom
697,cannons,Anish Indhupuru
698,hustle,William Johnson
699,hustle,Anders Olsen
700,sol,Nash Mock
701,sol,Joseph Wiley
702,breeze,Jeremy Hess
703,breeze,Jacques Nissen
704,mechanix,Jon Gibson
705,aviators,Jacob Bartholowmew
706,radicals,Jack Kelly
707,radicals,Jeff Maskalunas
708,windchill,Nick Daquisto
709,windchill,Thomas Echols
710,empire,Sam Feder
711,spiders,Jacob Bruner
712,spiders,Zach Orsmby
713,spiders,Skylor Taylor
714,cascades,Eide Charlie
715,cascades,Smart Kodi
716,cannons,John Holk
