,team,link
0,Atlanta Hustle,/hustle
1,Austin Sol,/sol
2,Boston Glory,/glory
3,Chicago Wildfire,/wildfire
4,Dallas Roughnecks,/roughnecks
5,DC Breeze,/breeze
6,Detroit Mechanix,/mechanix
7,Indianapolis AlleyCats,/alleycats
8,Los Angeles Aviators,/aviators
9,Madison Radicals,/radicals
10,Minnesota Wind Chill,/windchill
11,Montreal Royal,/royal
12,New York Empire,/empire
13,Ottawa Outlaws,/outlaws
14,Philadelphia Phoenix,/phoenix
15,Pittsburgh Thunderbirds,/thunderbirds
16,Raleigh Flyers,/flyers
17,San Diego Growlers,/growlers
18,San Jose Spiders,/spiders
19,Seattle Cascades,/cascades
20,Tampa Bay Cannons,/cannons
21,Toronto Rush,/rush
